site_name,year,gpp_var,f_gpparea_1,f_gppamp_1,f_gppmin_1,f_gup_1,f_midgup_1,f_maturity_1,f_peak_1,f_sene_1,f_midgdown_1,f_dormancy_1,f_qa_1,f_qadetailed_1,f_gpparea_2,f_gppamp_2,f_gppmin_2,f_gup_2,f_midgup_2,f_maturity_2,f_peak_2,f_sene_2,f_midgdown_2,f_dormancy_2,f_qa_2,f_qadetailed_2
AU-Tum,2001,GPP_DT_VUT_REF,715.5,10,4,11217,11285,11322,11340,11372,11411,11480,0,0,,,,,,,,,,,,
BE-Bra,2001,GPP_DT_VUT_REF,416.9,7,1,11383,11442,11473,11493,11535,11595,11634,0,0,,,,,,,,,,,,
BE-Vie,2001,GPP_DT_VUT_REF,553.2,9,1,11402,11440,11473,11495,11534,11585,11642,0,0,,,,,,,,,,,,
CA-Man,2001,GPP_DT_VUT_REF,377.3,6,0,11432,11454,11500,11518,11549,11586,11612,0,0,,,,,,,,,,,,
CA-NS2,2001,GPP_DT_VUT_REF,595.6,6,0,11338,11393,11461,11484,11540,11579,11607,0,0,,,,,,,,,,,,
CA-NS3,2001,GPP_DT_VUT_REF,633,6,0,11336,11388,11462,11488,11517,11565,11607,0,0,,,,,,,,,,,,
CA-NS5,2001,GPP_DT_VUT_REF,753.9,7,0,11332,11377,11427,11481,11514,11566,11603,0,0,,,,,,,,,,,,
CA-SF2,2001,GPP_DT_VUT_REF,867.3,7,2,11363,11396,11448,11527,11552,11591,11636,0,0,,,,,,,,,,,,
CH-Dav,2001,GPP_DT_VUT_REF,726.9,6,0,11371,11437,11489,11539,11562,11610,11638,0,0,,,,,,,,,,,,
DE-Geb,2001,GPP_DT_VUT_REF,673.2,14,0,11397,11428,11454,11468,11485,11507,11524,0,0,,,,,,,,,,,,
DE-Hai,2001,GPP_DT_VUT_REF,715.9,13,0,11435,11456,11484,11510,11543,11579,11616,0,0,,,,,,,,,,,,
DE-Tha,2001,GPP_DT_VUT_REF,686,10,1,11398,11439,11476,11501,11527,11580,11641,0,0,,,,,,,,,,,,
DK-Sor,2001,GPP_DT_VUT_REF,689.6,15,0,11434,11455,11481,11500,11517,11566,11618,0,0,,,,,,,,,,,,
FI-Hyy,2001,GPP_DT_VUT_REF,555.9,8,0,11421,11454,11503,11524,11544,11574,11612,0,0,,,,,,,,,,,,
FI-Jok,2001,GPP_DT_VUT_REF,185.4,7,0,11473,11489,11505,11515,11526,11545,11567,0,0,,,,,,,,,,,,
FI-Sod,2001,GPP_DT_VUT_REF,296.9,7,0,11445,11478,11501,11516,11533,11566,11605,0,0,,,,,,,,,,,,
FR-LBr,2001,GPP_DT_VUT_REF,717.9,10,2,11368,11447,11482,11503,11526,11560,11660,0,0,,,,,,,,,,,,
FR-Pue,2001,GPP_DT_VUT_REF,454.2,5,2,11353,11385,11462,11484,11499,11522,11654,0,0,,,,,,,,,,,,
IT-Col,2001,GPP_DT_VUT_REF,389.5,9,0,11440,11457,11479,11498,11521,11575,11601,0,0,,,,,,,,,,,,
IT-Cpz,2001,GPP_DT_VUT_REF,460,6,3,11348,11381,11451,11469,11486,11511,11615,0,0,,,,,,,,,,,,
IT-La2,2001,GPP_DT_VUT_REF,961.5,11,1,11381,11426,11457,11502,11518,11581,11634,0,0,,,,,,,,,,,,
IT-Ro1,2001,GPP_DT_VUT_REF,578.6,10,1,11349,11423,11449,11464,11481,11520,11625,0,0,,,,,,,,,,,,
IT-SRo,2001,GPP_DT_VUT_REF,531.3,7,1,11361,11401,11452,11477,11498,11607,11638,0,0,,,,,,,,,,,,
NL-Loo,2001,GPP_DT_VUT_REF,719.6,7,1,11404,11433,11514,11537,11564,11606,11640,0,0,,,,,,,,,,,,
RU-Fyo,2001,GPP_DT_VUT_REF,686.6,12,0,11413,11442,11480,11498,11513,11561,11619,0,0,,,,,,,,,,,,
US-Blo,2001,GPP_DT_VUT_REF,352.7,5,1,11386,11445,11490,11508,11525,11566,11638,0,0,,,,,,,,,,,,
US-Ha1,2001,GPP_DT_VUT_REF,623.8,13,0,11439,11467,11494,11513,11543,11589,11614,0,0,,,,,,,,,,,,
US-Los,2001,GPP_DT_VUT_REF,390.4,9,0,11441,11473,11498,11513,11530,11572,11599,0,0,,,,,,,,,,,,
US-MMS,2001,GPP_DT_VUT_REF,610.9,12,0,11426,11444,11472,11497,11564,11595,11616,0,0,,,,,,,,,,,,
US-Ne1,2001,GPP_DT_VUT_REF,832.1,23,0,11478,11494,11514,11530,11546,11573,11594,0,0,,,,,,,,,,,,
US-Ne2,2001,GPP_DT_VUT_REF,744,21,2,11481,11498,11515,11528,11543,11570,11592,0,0,,,,,,,,,,,,
US-Ne3,2001,GPP_DT_VUT_REF,661.1,18,2,11481,11497,11514,11527,11543,11574,11597,0,0,,,,,,,,,,,,
US-NR1,2001,GPP_DT_VUT_REF,302,7,0,11430,11450,11476,11494,11554,11595,11628,0,0,,,,,,,,,,,,
US-PFa,2001,GPP_DT_VUT_REF,444,7,0,11433,11458,11495,11527,11550,11585,11619,0,0,,,,,,,,,,,,
US-Syv,2001,GPP_DT_VUT_REF,637.5,6,1,11334,11374,11483,11506,11537,11582,11604,0,0,,,,,,,,,,,,
US-UMB,2001,GPP_DT_VUT_REF,369.4,8,0,11438,11457,11482,11500,11535,11584,11607,0,0,,,,,,,,,,,,
US-Var,2001,GPP_DT_VUT_REF,393.9,5,2,11281,11324,11405,11417,11432,11450,11468,0,0,,,,,,,,,,,,
US-WCr,2001,GPP_DT_VUT_REF,585.9,11,0,11448,11468,11504,11523,11540,11575,11598,0,0,,,,,,,,,,,,
ZA-Kru,2001,GPP_DT_VUT_REF,142.3,5,3,11362,11375,11392,11406,11423,11454,11492,0,0,278.9,8,0,11617,11640,11659,11672,11686,11722,11775,0,0
AT-Neu,2002,GPP_DT_VUT_REF,417.3,12,0,11773,11792,11811,11823,11835,11945,11965,0,0,,,,,,,,,,,,
AU-How,2002,GPP_DT_VUT_REF,685.1,6,2,11593,11609,11761,11770,11780,11801,11832,0,0,304.7,8,2,11992,12010,12029,12044,12067,12165,12214,0,0
AU-Tum,2002,GPP_DT_VUT_REF,741.9,7,5,11585,11606,11664,11743,11758,11814,11833,0,0,134.3,6,2,11994,12006,12019,12027,12119,12152,12167,0,0
BE-Vie,2002,GPP_DT_VUT_REF,707.5,10,0,11737,11804,11838,11858,11910,11956,11987,0,0,,,,,,,,,,,,
CA-Man,2002,GPP_DT_VUT_REF,304.8,6,0,11819,11840,11869,11889,11908,11945,11970,0,0,,,,,,,,,,,,
CA-NS2,2002,GPP_DT_VUT_REF,348.5,6,0,11813,11830,11860,11891,11911,11944,11969,0,0,,,,,,,,,,,,
CA-NS3,2002,GPP_DT_VUT_REF,332.5,6,0,11816,11835,11861,11887,11910,11942,11969,0,0,,,,,,,,,,,,
CA-NS5,2002,GPP_DT_VUT_REF,306.6,7,0,11819,11841,11867,11886,11907,11937,11963,0,0,,,,,,,,,,,,
CA-NS6,2002,GPP_DT_VUT_REF,175.1,5,0,11836,11855,11873,11887,11906,11937,11959,0,0,,,,,,,,,,,,
CA-SF2,2002,GPP_DT_VUT_REF,592.9,9,0,11792,11825,11873,11891,11913,11939,11957,0,0,,,,,,,,,,,,
CH-Dav,2002,GPP_DT_VUT_REF,661.8,7,0,11755,11804,11864,11892,11911,11955,12008,0,0,,,,,,,,,,,,
CH-Oe1,2002,GPP_DT_VUT_REF,925.9,10,1,11743,11765,11878,11890,11903,11958,12023,0,0,,,,,,,,,,,,
CN-HaM,2002,GPP_DT_VUT_REF,257.4,6,0,11822,11846,11870,11887,11909,11941,11962,0,0,,,,,,,,,,,,
DE-Geb,2002,GPP_DT_VUT_REF,412.9,11,0,11810,11834,11853,11866,11880,11908,11929,0,0,,,,,,,,,,,,
DE-Hai,2002,GPP_DT_VUT_REF,1125.9,12,0,11795,11820,11847,11910,11928,11956,11979,0,0,,,,,,,,,,,,
DE-Tha,2002,GPP_DT_VUT_REF,790.6,9,0,11719,11788,11818,11863,11921,11962,12009,0,0,,,,,,,,,,,,
DK-Sor,2002,GPP_DT_VUT_REF,589,14,0,11793,11814,11835,11852,11874,11936,11972,0,0,,,,,,,,,,,,
FI-Hyy,2002,GPP_DT_VUT_REF,587.6,8,0,11783,11812,11844,11880,11913,11944,11972,0,0,,,,,,,,,,,,
FI-Jok,2002,GPP_DT_VUT_REF,303,6,0,11800,11826,11874,11886,11897,11931,11966,0,0,,,,,,,,,,,,
FI-Sod,2002,GPP_DT_VUT_REF,517.6,8,0,11791,11830,11878,11895,11917,11941,11964,0,0,,,,,,,,,,,,
FR-Pue,2002,GPP_DT_VUT_REF,424.4,6,2,11719,11772,11827,11841,11854,11964,12009,0,0,,,,,,,,,,,,
IT-Col,2002,GPP_DT_VUT_REF,205.5,6,0,11803,11819,11837,11853,11870,11905,11949,0,0,,,,,,,,,,,,
IT-PT1,2002,GPP_DT_VUT_REF,805.3,13,0,11774,11801,11834,11857,11885,11936,11969,0,0,,,,,,,,,,,,
IT-Ren,2002,GPP_DT_VUT_REF,621.6,8,0,11748,11819,11864,11884,11903,11963,12000,0,0,,,,,,,,,,,,
IT-Ro1,2002,GPP_DT_VUT_REF,388.1,9,0,11758,11799,11821,11833,11844,11964,12002,0,0,,,,,,,,,,,,
IT-Ro2,2002,GPP_DT_VUT_REF,336.2,10,0,11784,11806,11823,11834,11845,11975,12005,0,0,,,,,,,,,,,,
IT-SRo,2002,GPP_DT_VUT_REF,512.2,6,2,11715,11740,11812,11830,11845,11948,11989,0,0,,,,,,,,,,,,
NL-Loo,2002,GPP_DT_VUT_REF,805.4,8,1,11724,11783,11863,11886,11928,11964,12012,0,0,,,,,,,,,,,,
RU-Che,2002,GPP_DT_VUT_REF,463.3,6,0,11734,11774,11820,11846,11871,11914,11935,0,0,,,,,,,,,,,,
RU-Fyo,2002,GPP_DT_VUT_REF,501,10,0,11797,11825,11854,11870,11889,11917,11974,0,0,,,,,,,,,,,,
RU-Ha1,2002,GPP_DT_VUT_REF,447.2,5,0,11694,11739,11795,11835,11869,11936,11963,0,0,,,,,,,,,,,,
US-Blo,2002,GPP_DT_VUT_REF,463.5,5,1,11735,11790,11865,11885,11901,11953,12025,0,0,,,,,,,,,,,,
US-GBT,2002,GPP_DT_VUT_REF,320,5,0,11801,11826,11853,11887,11907,11944,11969,0,0,,,,,,,,,,,,
US-Ha1,2002,GPP_DT_VUT_REF,541.2,13,0,11823,11842,11863,11881,11907,11948,11978,0,0,,,,,,,,,,,,
US-Los,2002,GPP_DT_VUT_REF,338.2,9,0,11827,11845,11867,11882,11900,11931,11953,0,0,,,,,,,,,,,,
US-Me2,2002,GPP_DT_VUT_REF,548,8,1,11757,11786,11829,11859,11875,11916,11997,0,0,,,,,,,,,,,,
US-MMS,2002,GPP_DT_VUT_REF,669.3,14,0,11799,11822,11849,11869,11892,11939,11984,0,0,,,,,,,,,,,,
US-Ne1,2002,GPP_DT_VUT_REF,783.6,23,0,11842,11858,11877,11890,11906,11934,11955,0,0,,,,,,,,,,,,
US-Ne2,2002,GPP_DT_VUT_REF,500.4,13,1,11854,11874,11894,11907,11920,11937,11953,0,0,,,,,,,,,,,,
US-Ne3,2002,GPP_DT_VUT_REF,495.1,12,0,11844,11868,11892,11907,11921,11938,11954,0,0,,,,,,,,,,,,
US-NR1,2002,GPP_DT_VUT_REF,349.8,6,0,11789,11815,11849,11872,11902,11958,11983,0,0,,,,,,,,,,,,
US-PFa,2002,GPP_DT_VUT_REF,414.6,8,0,11806,11832,11860,11884,11907,11935,11977,0,0,,,,,,,,,,,,
US-Syv,2002,GPP_DT_VUT_REF,343.7,11,0,11823,11840,11858,11870,11885,11931,11963,0,0,,,,,,,,,,,,
US-Ton,2002,GPP_DT_VUT_REF,263.2,6,1,11745,11773,11794,11807,11820,11851,11909,0,0,,,,,,,,,,,,
US-UMB,2002,GPP_DT_VUT_REF,392,10,0,11826,11844,11863,11879,11911,11956,11978,0,0,,,,,,,,,,,,
US-Var,2002,GPP_DT_VUT_REF,400.4,7,0,11681,11742,11771,11784,11796,11813,11828,0,0,,,,,,,,,,,,
US-WCr,2002,GPP_DT_VUT_REF,464.8,11,0,11828,11844,11865,11884,11915,11945,11965,0,0,,,,,,,,,,,,
US-Wi0,2002,GPP_DT_VUT_REF,344.1,7,1,11819,11849,11873,11887,11910,12037,12055,0,0,,,,,,,,,,,,
US-Wi4,2002,GPP_DT_VUT_REF,431.8,5,3,11749,11833,11865,11900,11922,11953,11982,0,0,,,,,,,,,,,,
US-Wi6,2002,GPP_DT_VUT_REF,202.8,6,0,11836,11853,11871,11886,11909,11943,11963,0,0,,,,,,,,,,,,
AT-Neu,2003,GPP_DT_VUT_REF,1001,12,0,12137,12157,12181,12244,12274,12306,12335,0,0,,,,,,,,,,,,
AU-Tum,2003,GPP_DT_VUT_REF,80.1,4,4,12074,12083,12094,12102,12126,12156,12240,0,0,,,,,,,,,,,,
BE-Vie,2003,GPP_DT_VUT_REF,715,10,0,12092,12166,12207,12225,12255,12318,12359,0,0,,,,,,,,,,,,
CA-Man,2003,GPP_DT_VUT_REF,451.7,5,0,12148,12185,12222,12265,12283,12312,12339,0,0,,,,,,,,,,,,
CA-NS1,2003,GPP_DT_VUT_REF,322.5,6,0,12159,12180,12204,12232,12260,12313,12344,0,0,,,,,,,,,,,,
CA-NS2,2003,GPP_DT_VUT_REF,289.1,6,0,12162,12185,12213,12235,12272,12310,12340,0,0,,,,,,,,,,,,
CA-NS3,2003,GPP_DT_VUT_REF,320.2,6,0,12164,12184,12211,12234,12263,12295,12338,0,0,,,,,,,,,,,,
CA-NS4,2003,GPP_DT_VUT_REF,295.2,4,0,12167,12189,12230,12257,12276,12308,12332,0,0,,,,,,,,,,,,
CA-NS5,2003,GPP_DT_VUT_REF,353.5,7,0,12170,12191,12218,12242,12273,12307,12334,0,0,,,,,,,,,,,,
CA-NS6,2003,GPP_DT_VUT_REF,162.2,4,0,12179,12200,12221,12236,12254,12294,12321,0,0,,,,,,,,,,,,
CA-NS7,2003,GPP_DT_VUT_REF,174.9,4,0,12184,12210,12233,12246,12263,12297,12320,0,0,,,,,,,,,,,,
CA-Qfo,2003,GPP_DT_VUT_REF,748,7,0,12051,12090,12174,12211,12247,12307,12337,0,0,,,,,,,,,,,,
CA-SF1,2003,GPP_DT_VUT_REF,571,8,1,12072,12117,12169,12192,12246,12285,12341,0,0,,,,,,,,,,,,
CA-SF2,2003,GPP_DT_VUT_REF,486.2,9,0,12154,12195,12224,12241,12260,12297,12343,0,0,,,,,,,,,,,,
CH-Dav,2003,GPP_DT_VUT_REF,440.7,7,0,12144,12163,12202,12232,12253,12323,12374,0,0,,,,,,,,,,,,
CH-Oe1,2003,GPP_DT_VUT_REF,428.4,13,0,12123,12141,12160,12173,12184,12205,12340,0,0,,,,,,,,,,,,
CN-Cha,2003,GPP_DT_VUT_REF,631.2,11,0,12164,12190,12217,12243,12286,12309,12330,0,0,,,,,,,,,,,,
CN-Ha2,2003,GPP_DT_VUT_REF,352.7,7,0,12188,12219,12247,12266,12282,12310,12334,0,0,,,,,,,,,,,,
CN-HaM,2003,GPP_DT_VUT_REF,381.5,7,0,12192,12217,12247,12267,12285,12313,12338,0,0,,,,,,,,,,,,
CN-Qia,2003,GPP_DT_VUT_REF,317.5,6,2,12132,12164,12202,12215,12228,12312,12365,0,0,,,,,,,,,,,,
DE-Geb,2003,GPP_DT_VUT_REF,525.3,14,0,12155,12174,12195,12208,12221,12239,12256,0,0,,,,,,,,,,,,
DE-Hai,2003,GPP_DT_VUT_REF,654,14,0,12162,12187,12213,12232,12251,12282,12344,0,0,,,,,,,,,,,,
DE-Tha,2003,GPP_DT_VUT_REF,619.5,11,0,12119,12160,12191,12210,12230,12296,12353,0,0,,,,,,,,,,,,
DK-Sor,2003,GPP_DT_VUT_REF,634.9,16,0,12157,12182,12204,12218,12237,12275,12338,0,0,,,,,,,,,,,,
FI-Hyy,2003,GPP_DT_VUT_REF,548.1,8,0,12157,12186,12217,12252,12274,12308,12339,0,0,,,,,,,,,,,,
FI-Jok,2003,GPP_DT_VUT_REF,409.7,8,0,12181,12205,12229,12252,12267,12284,12302,0,0,,,,,,,,,,,,
FI-Sod,2003,GPP_DT_VUT_REF,283.9,5,0,12167,12187,12218,12239,12261,12302,12336,0,0,,,,,,,,,,,,
FR-LBr,2003,GPP_DT_VUT_REF,633.6,8,0,12070,12134,12192,12212,12230,12265,12359,0,0,,,,,,,,,,,,
FR-Pue,2003,GPP_DT_VUT_REF,334.4,5,2,12085,12132,12188,12208,12225,12246,12263,0,0,,,,,,,,,,,,
IT-Col,2003,GPP_DT_VUT_REF,1271.3,10,1,12058,12100,12181,12231,12273,12306,12344,0,0,,,,,,,,,,,,
IT-Cpz,2003,GPP_DT_VUT_REF,577.6,7,2,12057,12116,12164,12196,12208,12347,12371,0,0,,,,,,,,,,,,
IT-Lav,2003,GPP_DT_VUT_REF,512.2,10,1,12105,12132,12165,12181,12203,12324,12349,0,0,,,,,,,,,,,,
IT-MBo,2003,GPP_DT_VUT_REF,399.4,11,0,12159,12176,12197,12210,12224,12287,12339,0,0,,,,,,,,,,,,
IT-PT1,2003,GPP_DT_VUT_REF,566.4,11,0,12141,12161,12184,12209,12226,12291,12339,0,0,,,,,,,,,,,,
IT-Ren,2003,GPP_DT_VUT_REF,767.4,8,0,12133,12161,12198,12255,12283,12321,12377,0,0,,,,,,,,,,,,
IT-Ro1,2003,GPP_DT_VUT_REF,427.9,11,1,12141,12163,12184,12197,12212,12236,12262,0,0,,,,,,,,,,,,
IT-Ro2,2003,GPP_DT_VUT_REF,489.3,14,0,12154,12173,12191,12204,12218,12244,12372,0,0,,,,,,,,,,,,
IT-SRo,2003,GPP_DT_VUT_REF,443.4,6,1,12065,12114,12161,12179,12208,12238,12336,0,0,,,,,,,,,,,,
JP-SMF,2003,GPP_DT_VUT_REF,240.1,6,1,12136,12170,12190,12202,12290,12331,12357,0,0,,,,,,,,,,,,
NL-Loo,2003,GPP_DT_VUT_REF,610.1,9,1,12097,12155,12198,12217,12255,12318,12366,0,0,,,,,,,,,,,,
RU-Cok,2003,GPP_DT_VUT_REF,157.1,5,0,12216,12236,12254,12265,12274,12290,12307,0,0,,,,,,,,,,,,
RU-Fyo,2003,GPP_DT_VUT_REF,708.6,9,0,12146,12170,12228,12255,12285,12319,12343,0,0,,,,,,,,,,,,
RU-Ha1,2003,GPP_DT_VUT_REF,239.6,5,0,12171,12197,12218,12235,12270,12301,12324,0,0,,,,,,,,,,,,
US-ARM,2003,GPP_DT_VUT_REF,208.2,5,1,12103,12124,12148,12161,12171,12186,12245,0,0,,,,,,,,,,,,
US-Blo,2003,GPP_DT_VUT_REF,345.1,5,1,12070,12177,12203,12221,12276,12312,12348,0,0,,,,,,,,,,,,
US-Ha1,2003,GPP_DT_VUT_REF,833,13,0,12167,12201,12227,12261,12288,12329,12415,0,0,,,,,,,,,,,,
US-KS2,2003,GPP_DT_VUT_REF,273.4,5,2,12133,12150,12177,12201,12282,12323,12355,0,0,,,,,,,,,,,,
US-Los,2003,GPP_DT_VUT_REF,334.4,8,0,12190,12211,12233,12253,12275,12306,12328,0,0,,,,,,,,,,,,
US-Me2,2003,GPP_DT_VUT_REF,522.6,7,1,12078,12176,12213,12226,12238,12256,12387,0,0,,,,,,,,,,,,
US-MMS,2003,GPP_DT_VUT_REF,791.6,12,0,12163,12182,12221,12249,12273,12315,12343,0,0,,,,,,,,,,,,
US-Ne1,2003,GPP_DT_VUT_REF,770.4,21,0,12212,12229,12249,12264,12280,12301,12320,0,0,,,,,,,,,,,,
US-Ne2,2003,GPP_DT_VUT_REF,895,26,-1,12212,12229,12248,12262,12278,12301,12321,0,0,,,,,,,,,,,,
US-Ne3,2003,GPP_DT_VUT_REF,648.3,21,0,12209,12226,12243,12255,12270,12293,12312,0,0,,,,,,,,,,,,
US-NR1,2003,GPP_DT_VUT_REF,282.8,6,0,12163,12185,12207,12228,12275,12330,12354,0,0,,,,,,,,,,,,
US-PFa,2003,GPP_DT_VUT_REF,492.6,8,0,12135,12200,12229,12246,12266,12307,12337,0,0,,,,,,,,,,,,
US-Syv,2003,GPP_DT_VUT_REF,496.1,8,0,12167,12198,12230,12256,12277,12311,12336,0,0,,,,,,,,,,,,
US-Ton,2003,GPP_DT_VUT_REF,398.6,6,1,12054,12129,12160,12177,12195,12222,12295,0,0,,,,,,,,,,,,
US-UMB,2003,GPP_DT_VUT_REF,443.6,11,0,12185,12206,12227,12244,12285,12316,12339,0,0,,,,,,,,,,,,
US-Var,2003,GPP_DT_VUT_REF,588.5,8,0,12043,12099,12142,12163,12179,12201,12218,0,0,,,,,,,,,,,,
US-WCr,2003,GPP_DT_VUT_REF,675,13,0,12188,12207,12234,12258,12278,12309,12332,0,0,,,,,,,,,,,,
US-Wi4,2003,GPP_DT_VUT_REF,746.9,9,2,12086,12174,12226,12244,12264,12288,12375,0,0,,,,,,,,,,,,
ZA-Kru,2003,GPP_DT_VUT_REF,401.9,5,0,11983,12012,12094,12118,12129,12145,12230,0,0,,,,,,,,,,,,
AT-Neu,2004,GPP_DT_VUT_REF,412.5,14,0,12510,12526,12542,12554,12566,12669,12719,0,0,,,,,,,,,,,,
AU-How,2004,GPP_DT_VUT_REF,522.9,5,2,12329,12354,12482,12498,12516,12559,12642,0,0,,,,,,,,,,,,
AU-Tum,2004,GPP_DT_VUT_REF,936.1,9,0,12333,12360,12463,12478,12492,12533,12564,0,0,,,,,,,,,,,,
BE-Lon,2004,GPP_DT_VUT_REF,580.3,15,0,12556,12573,12592,12609,12629,12676,12706,0,0,,,,,,,,,,,,
BE-Vie,2004,GPP_DT_VUT_REF,569.9,9,1,12489,12525,12557,12580,12609,12671,12718,0,0,,,,,,,,,,,,
CA-NS1,2004,GPP_DT_VUT_REF,302.2,6,0,12548,12565,12590,12614,12639,12676,12702,0,0,,,,,,,,,,,,
CA-NS2,2004,GPP_DT_VUT_REF,251.7,5,0,12546,12564,12590,12611,12640,12674,12703,0,0,,,,,,,,,,,,
CA-NS3,2004,GPP_DT_VUT_REF,273.5,6,0,12550,12568,12594,12613,12646,12675,12704,0,0,,,,,,,,,,,,
CA-NS5,2004,GPP_DT_VUT_REF,283.4,6,0,12551,12570,12601,12617,12638,12675,12700,0,0,,,,,,,,,,,,
CA-NS6,2004,GPP_DT_VUT_REF,178.1,5,0,12566,12588,12608,12623,12645,12669,12692,0,0,,,,,,,,,,,,
CA-NS7,2004,GPP_DT_VUT_REF,224.1,5,0,12564,12588,12615,12632,12648,12668,12689,0,0,,,,,,,,,,,,
CA-Qfo,2004,GPP_DT_VUT_REF,310.2,5,0,12542,12566,12602,12627,12647,12691,12718,0,0,,,,,,,,,,,,
CA-SF1,2004,GPP_DT_VUT_REF,416.2,6,1,12495,12565,12600,12620,12643,12676,12727,0,0,,,,,,,,,,,,
CA-SF2,2004,GPP_DT_VUT_REF,511.6,9,1,12544,12578,12610,12628,12645,12669,12710,0,0,,,,,,,,,,,,
CA-SF3,2004,GPP_DT_VUT_REF,252.4,4,0,12472,12589,12609,12622,12638,12664,12696,0,0,,,,,,,,,,,,
CH-Dav,2004,GPP_DT_VUT_REF,493.1,6,0,12506,12527,12592,12615,12639,12707,12733,0,0,,,,,,,,,,,,
CH-Lae,2004,GPP_DT_VUT_REF,1739.6,15,1,12429,12470,12550,12595,12645,12683,12709,0,0,,,,,,,,,,,,
CH-Oe1,2004,GPP_DT_VUT_REF,349.9,10,1,12478,12500,12519,12530,12539,12647,12704,0,0,,,,,,,,,,,,
CH-Oe2,2004,GPP_DT_VUT_REF,547.3,14,0,12508,12526,12547,12565,12592,12616,12635,0,0,,,,,,,,,,,,
CN-Cha,2004,GPP_DT_VUT_REF,488.1,11,1,12534,12558,12581,12597,12619,12672,12700,0,0,,,,,,,,,,,,
CN-Din,2004,GPP_DT_VUT_REF,520.5,5,2,12513,12531,12669,12681,12697,12772,12801,0,0,,,,,,,,,,,,
CN-Ha2,2004,GPP_DT_VUT_REF,383.9,8,0,12550,12581,12606,12623,12641,12670,12692,0,0,,,,,,,,,,,,
CN-HaM,2004,GPP_DT_VUT_REF,335.6,7,0,12554,12578,12603,12620,12641,12675,12697,0,0,,,,,,,,,,,,
CN-Qia,2004,GPP_DT_VUT_REF,668.1,6,2,12465,12529,12569,12631,12654,12726,12773,0,0,,,,,,,,,,,,
CZ-BK1,2004,GPP_DT_VUT_REF,803.2,7,2,12443,12479,12516,12615,12636,12655,12671,0,0,,,,,,,,,,,,
DE-Geb,2004,GPP_DT_VUT_REF,653.2,14,0,12503,12527,12555,12573,12588,12610,12629,0,0,,,,,,,,,,,,
DE-Gri,2004,GPP_DT_VUT_REF,458.3,8,0,12495,12523,12552,12575,12590,12677,12721,0,0,,,,,,,,,,,,
DE-Hai,2004,GPP_DT_VUT_REF,532.3,12,0,12524,12548,12574,12591,12631,12680,12707,0,0,,,,,,,,,,,,
DE-Kli,2004,GPP_DT_VUT_REF,1176.2,12,1,12443,12477,12509,12570,12584,12606,12721,0,0,,,,,,,,,,,,
DE-Tha,2004,GPP_DT_VUT_REF,737.1,11,0,12491,12523,12573,12590,12612,12676,12726,0,0,,,,,,,,,,,,
DK-Sor,2004,GPP_DT_VUT_REF,577.6,13,0,12511,12532,12556,12574,12635,12680,12709,0,0,,,,,,,,,,,,
FI-Hyy,2004,GPP_DT_VUT_REF,558.4,8,0,12517,12544,12584,12613,12640,12671,12712,0,0,,,,,,,,,,,,
FI-Sod,2004,GPP_DT_VUT_REF,328.5,7,0,12538,12576,12605,12618,12632,12661,12704,0,0,,,,,,,,,,,,
FR-Gri,2004,GPP_DT_VUT_REF,691.7,11,1,12451,12497,12547,12561,12571,12586,12599,0,0,,,,,,,,,,,,
FR-LBr,2004,GPP_DT_VUT_REF,575.8,7,2,12459,12523,12569,12591,12623,12691,12738,0,0,,,,,,,,,,,,
FR-Pue,2004,GPP_DT_VUT_REF,357.5,5,2,12453,12512,12565,12580,12594,12686,12720,0,0,,,,,,,,,,,,
IT-BCi,2004,GPP_DT_VUT_REF,938.8,12,3,12477,12560,12597,12622,12636,12654,12668,0,0,,,,,,,,,,,,
IT-Col,2004,GPP_DT_VUT_REF,465.5,5,3,12481,12545,12621,12639,12667,12702,12719,0,0,,,,,,,,,,,,
IT-Cpz,2004,GPP_DT_VUT_REF,749.4,7,2,12446,12482,12544,12598,12623,12698,12735,0,0,,,,,,,,,,,,
IT-Lav,2004,GPP_DT_VUT_REF,892.6,12,1,12486,12518,12578,12597,12612,12694,12732,0,0,,,,,,,,,,,,
IT-MBo,2004,GPP_DT_VUT_REF,364,11,0,12547,12564,12581,12594,12610,12677,12720,0,0,,,,,,,,,,,,
IT-PT1,2004,GPP_DT_VUT_REF,932,12,0,12502,12528,12554,12600,12627,12658,12681,0,0,,,,,,,,,,,,
IT-Ro1,2004,GPP_DT_VUT_REF,639.4,13,0,12495,12530,12558,12573,12588,12620,12730,0,0,,,,,,,,,,,,
IT-Ro2,2004,GPP_DT_VUT_REF,590.1,13,0,12517,12542,12564,12582,12605,12644,12722,0,0,,,,,,,,,,,,
IT-SRo,2004,GPP_DT_VUT_REF,370.2,6,2,12469,12504,12557,12570,12591,12646,12722,0,0,,,,,,,,,,,,
JP-SMF,2004,GPP_DT_VUT_REF,547.4,9,1,12493,12553,12589,12607,12623,12650,12750,0,0,,,,,,,,,,,,
NL-Hor,2004,GPP_DT_VUT_REF,726.1,7,0,12458,12499,12556,12603,12631,12689,12726,0,0,,,,,,,,,,,,
NL-Loo,2004,GPP_DT_VUT_REF,754.1,9,1,12477,12514,12554,12599,12640,12697,12735,0,0,,,,,,,,,,,,
RU-Che,2004,GPP_DT_VUT_REF,152.1,4,0,12561,12579,12601,12616,12632,12653,12669,0,0,,,,,,,,,,,,
RU-Cok,2004,GPP_DT_VUT_REF,498.8,6,0,12467,12505,12552,12592,12614,12646,12676,0,0,,,,,,,,,,,,
RU-Fyo,2004,GPP_DT_VUT_REF,570.5,10,0,12502,12542,12578,12595,12631,12675,12719,0,0,,,,,,,,,,,,
RU-Ha1,2004,GPP_DT_VUT_REF,266.3,7,0,12545,12563,12583,12597,12613,12645,12682,0,0,,,,,,,,,,,,
US-ARM,2004,GPP_DT_VUT_REF,208.7,6,1,12469,12492,12514,12525,12536,12616,12634,0,0,,,,,,,,,,,,
US-Blo,2004,GPP_DT_VUT_REF,436.7,5,2,12474,12493,12573,12595,12610,12649,12749,0,0,,,,,,,,,,,,
US-Ha1,2004,GPP_DT_VUT_REF,711.4,13,0,12531,12554,12587,12609,12647,12691,12715,0,0,,,,,,,,,,,,
US-Los,2004,GPP_DT_VUT_REF,284.2,7,0,12555,12573,12594,12615,12635,12668,12694,0,0,,,,,,,,,,,,
US-Me2,2004,GPP_DT_VUT_REF,319.5,6,1,12474,12499,12534,12552,12571,12694,12716,0,0,,,,,,,,,,,,
US-MMS,2004,GPP_DT_VUT_REF,563,13,0,12527,12544,12566,12588,12615,12678,12707,0,0,,,,,,,,,,,,
US-Ne1,2004,GPP_DT_VUT_REF,754.4,20,0,12571,12589,12610,12625,12642,12668,12689,0,0,,,,,,,,,,,,
US-Ne2,2004,GPP_DT_VUT_REF,468.6,13,0,12595,12614,12633,12646,12659,12677,12692,0,0,,,,,,,,,,,,
US-Ne3,2004,GPP_DT_VUT_REF,490.3,13,0,12588,12609,12630,12643,12657,12674,12690,0,0,,,,,,,,,,,,
US-NR1,2004,GPP_DT_VUT_REF,418.1,7,0,12512,12540,12584,12604,12644,12692,12716,0,0,,,,,,,,,,,,
US-PFa,2004,GPP_DT_VUT_REF,339.2,7,0,12537,12566,12591,12610,12628,12678,12709,0,0,,,,,,,,,,,,
US-Syv,2004,GPP_DT_VUT_REF,439.8,9,0,12531,12569,12595,12614,12635,12678,12701,0,0,,,,,,,,,,,,
US-Ton,2004,GPP_DT_VUT_REF,235,5,0,12410,12488,12506,12516,12528,12593,12638,0,0,,,,,,,,,,,,
US-UMB,2004,GPP_DT_VUT_REF,460.3,11,0,12551,12571,12592,12609,12632,12684,12710,0,0,,,,,,,,,,,,
US-Var,2004,GPP_DT_VUT_REF,313,7,0,12436,12466,12489,12502,12515,12533,12550,0,0,,,,,,,,,,,,
US-WCr,2004,GPP_DT_VUT_REF,583.4,12,0,12539,12568,12594,12612,12631,12678,12699,0,0,,,,,,,,,,,,
US-Wi4,2004,GPP_DT_VUT_REF,383.4,6,2,12471,12565,12589,12604,12625,12672,12735,0,0,,,,,,,,,,,,
US-Wi9,2004,GPP_DT_VUT_REF,295.1,4,1,12468,12570,12596,12612,12662,12697,12722,0,0,,,,,,,,,,,,
ZA-Kru,2004,GPP_DT_VUT_REF,280.9,8,0,12716,12730,12748,12766,12784,12874,12896,0,0,,,,,,,,,,,,
AT-Neu,2005,GPP_DT_VUT_REF,422.8,13,0,12876,12893,12912,12925,12940,13036,13073,0,0,,,,,,,,,,,,
AU-How,2005,GPP_DT_VUT_REF,528.7,8,2,12704,12743,12791,12811,12839,12879,12946,0,0,,,,,,,,,,,,
AU-Tum,2005,GPP_DT_VUT_REF,469,6,5,12685,12759,12820,12831,12843,12911,12930,0,0,,,,,,,,,,,,
AU-Wac,2005,GPP_DT_VUT_REF,442.2,6,2,13009,13049,13100,13118,13134,13153,13244,0,0,,,,,,,,,,,,
BE-Bra,2005,GPP_DT_VUT_REF,430.6,5,2,12826,12908,12971,12986,13009,13046,13098,0,0,,,,,,,,,,,,
BE-Lon,2005,GPP_DT_VUT_REF,847.6,17,0,12862,12888,12916,12933,12949,12971,12990,0,0,,,,,,,,,,,,
BE-Vie,2005,GPP_DT_VUT_REF,791.8,10,0,12859,12894,12940,12974,12993,13047,13095,0,0,,,,,,,,,,,,
CA-NS1,2005,GPP_DT_VUT_REF,392.7,6,0,12881,12920,12951,12984,13005,13063,13126,0,0,,,,,,,,,,,,
CA-NS2,2005,GPP_DT_VUT_REF,239.6,6,0,12907,12928,12954,12968,12998,13047,13106,0,0,,,,,,,,,,,,
CA-NS3,2005,GPP_DT_VUT_REF,364.9,7,0,12898,12926,12959,12979,13004,13038,13105,0,0,,,,,,,,,,,,
CA-NS4,2005,GPP_DT_VUT_REF,178.6,4,0,12905,12930,12955,12970,12999,13030,13063,0,0,,,,,,,,,,,,
CA-NS5,2005,GPP_DT_VUT_REF,296.5,7,0,12906,12930,12955,12971,12994,13027,13100,0,0,,,,,,,,,,,,
CA-NS6,2005,GPP_DT_VUT_REF,255.1,5,0,12921,12945,12972,12991,13005,13028,13054,0,0,,,,,,,,,,,,
CA-NS7,2005,GPP_DT_VUT_REF,201,5,0,12924,12947,12970,12986,13001,13025,13049,0,0,,,,,,,,,,,,
CA-Qfo,2005,GPP_DT_VUT_REF,399.8,6,0,12899,12920,12958,12988,13013,13050,13081,0,0,,,,,,,,,,,,
CA-SF1,2005,GPP_DT_VUT_REF,419.6,7,1,12841,12922,12949,12965,12996,13039,13093,0,0,,,,,,,,,,,,
CA-SF2,2005,GPP_DT_VUT_REF,537.2,9,1,12855,12932,12956,12976,13000,13065,13114,0,0,,,,,,,,,,,,
CA-SF3,2005,GPP_DT_VUT_REF,202.1,4,0,12893,12932,12954,12968,12986,13023,13084,0,0,,,,,,,,,,,,
CH-Cha,2005,GPP_DT_VUT_REF,1292.3,12,1,12790,12835,12924,12956,12988,13079,13113,0,0,,,,,,,,,,,,
CH-Dav,2005,GPP_DT_VUT_REF,686.4,5,0,12784,12812,12913,12958,12993,13050,13089,0,0,,,,,,,,,,,,
CH-Fru,2005,GPP_DT_VUT_REF,1408.5,12,1,12786,12824,12915,12957,12999,13065,13101,0,0,,,,,,,,,,,,
CH-Lae,2005,GPP_DT_VUT_REF,666.7,10,0,12856,12913,12949,12969,12989,13043,13108,0,0,,,,,,,,,,,,
CH-Oe1,2005,GPP_DT_VUT_REF,682.6,10,0,12854,12871,12892,12942,12953,13062,13097,0,0,,,,,,,,,,,,
CH-Oe2,2005,GPP_DT_VUT_REF,576.1,13,0,12861,12885,12911,12927,12939,12955,12970,0,0,203.7,7,1,13011,13026,13042,13055,13071,13092,13108,0,0
CN-Cha,2005,GPP_DT_VUT_REF,565.5,11,0,12901,12930,12954,12978,13000,13045,13068,0,0,,,,,,,,,,,,
CN-Ha2,2005,GPP_DT_VUT_REF,421.5,8,1,12918,12945,12976,12994,13010,13036,13058,0,0,,,,,,,,,,,,
CN-Qia,2005,GPP_DT_VUT_REF,644.4,6,1,12841,12888,12945,12991,13015,13090,13131,0,0,,,,,,,,,,,,
CZ-BK1,2005,GPP_DT_VUT_REF,787.2,7,2,12820,12854,12962,12986,13027,13069,13107,0,0,,,,,,,,,,,,
DE-Geb,2005,GPP_DT_VUT_REF,614.2,14,0,12864,12883,12905,12924,12939,12957,12974,0,0,,,,,,,,,,,,
DE-Gri,2005,GPP_DT_VUT_REF,874.2,11,0,12867,12893,12960,12978,12993,13064,13100,0,0,,,,,,,,,,,,
DE-Hai,2005,GPP_DT_VUT_REF,638.9,12,0,12891,12925,12954,12973,13003,13052,13081,0,0,,,,,,,,,,,,
DE-Kli,2005,GPP_DT_VUT_REF,814.1,13,0,12859,12880,12916,12944,12959,12980,13002,0,0,,,,,,,,,,,,
DE-Tha,2005,GPP_DT_VUT_REF,723.2,12,0,12859,12885,12935,12952,12978,13049,13102,0,0,,,,,,,,,,,,
DK-Fou,2005,GPP_DT_VUT_REF,588.6,8,0,12865,12962,13000,13017,13030,13052,13090,0,0,,,,,,,,,,,,
DK-Sor,2005,GPP_DT_VUT_REF,662.7,15,0,12888,12915,12938,12954,12971,13034,13078,0,0,,,,,,,,,,,,
FI-Hyy,2005,GPP_DT_VUT_REF,450.5,8,0,12879,12916,12948,12965,12986,13039,13080,0,0,,,,,,,,,,,,
FI-Sod,2005,GPP_DT_VUT_REF,294.6,6,0,12898,12926,12954,12972,13006,13041,13069,0,0,,,,,,,,,,,,
FR-Fon,2005,GPP_DT_VUT_REF,599.1,13,0,12887,12911,12935,12952,12979,13032,13088,0,0,,,,,,,,,,,,
FR-Gri,2005,GPP_DT_VUT_REF,497.3,16,0,12938,12954,12971,12982,12997,13024,13044,0,0,,,,,,,,,,,,
FR-LBr,2005,GPP_DT_VUT_REF,277.2,5,2,12846,12873,12913,12930,12948,12988,13101,0,0,,,,,,,,,,,,
IT-BCi,2005,GPP_DT_VUT_REF,444.8,15,0,12937,12951,12967,12980,12995,13014,13029,0,0,,,,,,,,,,,,
IT-Col,2005,GPP_DT_VUT_REF,512,12,0,12903,12919,12940,12960,12984,13031,13075,0,0,,,,,,,,,,,,
IT-Cpz,2005,GPP_DT_VUT_REF,399.1,5,3,12842,12860,12958,12970,12983,13007,13079,0,0,,,,,,,,,,,,
IT-Lav,2005,GPP_DT_VUT_REF,662.7,11,1,12853,12877,12924,12941,12959,13077,13110,0,0,,,,,,,,,,,,
IT-MBo,2005,GPP_DT_VUT_REF,447.5,11,0,12890,12911,12933,12949,12967,13042,13089,0,0,,,,,,,,,,,,
IT-Ren,2005,GPP_DT_VUT_REF,789,8,0,12862,12900,12979,13001,13020,13065,13102,0,0,,,,,,,,,,,,
IT-Ro1,2005,GPP_DT_VUT_REF,435.1,10,0,12874,12902,12926,12943,12964,13057,13105,0,0,,,,,,,,,,,,
IT-Ro2,2005,GPP_DT_VUT_REF,506.8,14,0,12890,12910,12930,12945,12966,13012,13102,0,0,,,,,,,,,,,,
IT-SRo,2005,GPP_DT_VUT_REF,334.4,6,2,12844,12879,12912,12935,12978,13046,13106,0,0,,,,,,,,,,,,
JP-MBF,2005,GPP_DT_VUT_REF,529.5,8,0,12926,12942,12959,13009,13026,13056,13084,0,0,,,,,,,,,,,,
JP-SMF,2005,GPP_DT_VUT_REF,641.4,7,1,12867,12900,12933,12991,13013,13067,13124,0,0,,,,,,,,,,,,
NL-Hor,2005,GPP_DT_VUT_REF,555.9,8,0,12868,12895,12938,12961,12978,13040,13083,0,0,,,,,,,,,,,,
NL-Loo,2005,GPP_DT_VUT_REF,584.2,8,1,12840,12874,12912,12943,13015,13061,13101,0,0,,,,,,,,,,,,
RU-Cok,2005,GPP_DT_VUT_REF,453.9,6,0,12834,12872,12915,12944,12972,13016,13071,0,0,,,,,,,,,,,,
RU-Fyo,2005,GPP_DT_VUT_REF,573.7,11,0,12877,12912,12939,12961,12992,13049,13079,0,0,,,,,,,,,,,,
US-ARb,2005,GPP_DT_VUT_REF,718.4,14,0,12887,12912,12942,12961,12978,13014,13067,0,0,,,,,,,,,,,,
US-ARc,2005,GPP_DT_VUT_REF,677.4,11,0,12877,12910,12953,12970,12986,13030,13077,0,0,,,,,,,,,,,,
US-Blo,2005,GPP_DT_VUT_REF,473.6,6,3,12887,12927,12980,13001,13019,13050,13113,0,0,,,,,,,,,,,,
US-Ha1,2005,GPP_DT_VUT_REF,580.8,10,0,12899,12939,12973,12991,13020,13057,13089,0,0,,,,,,,,,,,,
US-Los,2005,GPP_DT_VUT_REF,429.6,9,0,12907,12933,12960,12978,12998,13031,13060,0,0,,,,,,,,,,,,
US-Me2,2005,GPP_DT_VUT_REF,541.4,8,2,12830,12895,12936,12953,12971,13002,13104,0,0,,,,,,,,,,,,
US-MMS,2005,GPP_DT_VUT_REF,627.4,13,0,12894,12914,12939,12962,12987,13053,13083,0,0,,,,,,,,,,,,
US-Ne1,2005,GPP_DT_VUT_REF,724.1,20,0,12938,12955,12974,12989,13005,13029,13048,0,0,,,,,,,,,,,,
US-Ne2,2005,GPP_DT_VUT_REF,756,21,0,12935,12951,12969,12985,13003,13028,13048,0,0,,,,,,,,,,,,
US-Ne3,2005,GPP_DT_VUT_REF,727.3,19,0,12932,12951,12971,12986,13004,13030,13051,0,0,,,,,,,,,,,,
US-NR1,2005,GPP_DT_VUT_REF,423.8,6,0,12895,12916,12960,12985,13011,13052,13090,0,0,,,,,,,,,,,,
US-PFa,2005,GPP_DT_VUT_REF,338.2,8,0,12906,12933,12955,12970,12985,13013,13050,0,0,,,,,,,,,,,,
US-Syv,2005,GPP_DT_VUT_REF,337.2,8,0,12906,12929,12949,12964,12992,13028,13072,0,0,,,,,,,,,,,,
US-Ton,2005,GPP_DT_VUT_REF,397.9,6,1,12831,12860,12896,12918,12936,12966,13041,0,0,,,,,,,,,,,,
US-UMB,2005,GPP_DT_VUT_REF,440.1,12,0,12914,12933,12952,12966,12988,13052,13077,0,0,,,,,,,,,,,,
US-Var,2005,GPP_DT_VUT_REF,627.2,8,0,12728,12808,12845,12871,12897,12922,12941,0,0,,,,,,,,,,,,
US-WCr,2005,GPP_DT_VUT_REF,602.5,14,0,12915,12932,12954,12973,12996,13036,13060,0,0,,,,,,,,,,,,
US-Wi4,2005,GPP_DT_VUT_REF,632.3,8,2,12836,12924,12956,12979,13019,13050,13103,0,0,,,,,,,,,,,,
US-Wi9,2005,GPP_DT_VUT_REF,656.4,7,1,12796,12855,12955,12966,12978,13001,13019,0,0,,,,,,,,,,,,
AT-Neu,2006,GPP_DT_VUT_REF,348.2,12,0,13241,13255,13272,13283,13294,13391,13438,0,0,,,,,,,,,,,,
AU-How,2006,GPP_DT_VUT_REF,648,7,2,13050,13101,13163,13197,13218,13271,13346,0,0,,,,,,,,,,,,
AU-Tum,2006,GPP_DT_VUT_REF,471.1,6,5,13027,13085,13140,13154,13172,13231,13308,0,0,571.6,7,4,13386,13408,13490,13504,13520,13631,13657,0,0
AU-Wac,2006,GPP_DT_VUT_REF,426.7,5,4,13369,13398,13484,13501,13540,13602,13630,0,0,,,,,,,,,,,,
BE-Bra,2006,GPP_DT_VUT_REF,542.8,9,1,13228,13295,13321,13337,13351,13418,13459,0,0,,,,,,,,,,,,
BE-Lon,2006,GPP_DT_VUT_REF,388.7,12,0,13290,13307,13324,13335,13346,13363,13378,0,0,,,,,,,,,,,,
BE-Vie,2006,GPP_DT_VUT_REF,545.2,9,1,13230,13261,13302,13321,13346,13417,13454,0,0,,,,,,,,,,,,
CA-Man,2006,GPP_DT_VUT_REF,496.8,4,1,13191,13213,13355,13366,13379,13410,13433,0,0,,,,,,,,,,,,
CA-Qfo,2006,GPP_DT_VUT_REF,423.1,6,0,13256,13289,13332,13355,13372,13403,13443,0,0,,,,,,,,,,,,
CA-SF1,2006,GPP_DT_VUT_REF,691.1,7,1,13188,13231,13315,13339,13359,13441,13475,0,0,,,,,,,,,,,,
CH-Cha,2006,GPP_DT_VUT_REF,981.8,13,0,13227,13251,13293,13330,13347,13397,13467,0,0,,,,,,,,,,,,
CH-Fru,2006,GPP_DT_VUT_REF,748.1,11,0,13241,13262,13288,13331,13350,13457,13505,0,0,,,,,,,,,,,,
CH-Lae,2006,GPP_DT_VUT_REF,657.5,10,0,13220,13269,13309,13329,13346,13410,13449,0,0,,,,,,,,,,,,
CH-Oe1,2006,GPP_DT_VUT_REF,307.9,9,0,13227,13246,13265,13276,13391,13428,13450,0,0,,,,,,,,,,,,
CH-Oe2,2006,GPP_DT_VUT_REF,652.9,10,0,13256,13308,13353,13370,13383,13398,13412,0,0,,,,,,,,,,,,
CZ-BK1,2006,GPP_DT_VUT_REF,720.4,7,2,13166,13210,13258,13326,13340,13433,13457,0,0,,,,,,,,,,,,
CZ-wet,2006,GPP_DT_VUT_REF,547.3,11,0,13251,13278,13301,13316,13331,13363,13443,0,0,,,,,,,,,,,,
DE-Geb,2006,GPP_DT_VUT_REF,488.9,15,0,13292,13309,13328,13341,13357,13410,13443,0,0,,,,,,,,,,,,
DE-Gri,2006,GPP_DT_VUT_REF,203.7,7,0,13243,13260,13277,13288,13304,13409,13454,0,0,,,,,,,,,,,,
DE-Hai,2006,GPP_DT_VUT_REF,660.1,12,0,13261,13284,13315,13337,13364,13418,13447,0,0,,,,,,,,,,,,
DE-Kli,2006,GPP_DT_VUT_REF,583.7,13,0,13251,13272,13299,13315,13328,13348,13434,0,0,,,,,,,,,,,,
DE-Tha,2006,GPP_DT_VUT_REF,681.5,10,0,13231,13254,13292,13321,13341,13415,13465,0,0,,,,,,,,,,,,
DK-Sor,2006,GPP_DT_VUT_REF,663.8,15,0,13258,13281,13306,13322,13342,13402,13444,0,0,,,,,,,,,,,,
FI-Hyy,2006,GPP_DT_VUT_REF,463.7,9,0,13252,13280,13313,13333,13351,13404,13438,0,0,,,,,,,,,,,,
FI-Sod,2006,GPP_DT_VUT_REF,331.3,7,0,13263,13295,13323,13341,13359,13390,13424,0,0,,,,,,,,,,,,
FR-Fon,2006,GPP_DT_VUT_REF,630,12,0,13250,13274,13303,13326,13347,13419,13457,0,0,,,,,,,,,,,,
FR-Gri,2006,GPP_DT_VUT_REF,557.2,13,0,13224,13246,13269,13284,13299,13320,13337,0,0,,,,,,,,,,,,
FR-LBr,2006,GPP_DT_VUT_REF,440.5,7,1,13209,13258,13301,13318,13333,13356,13469,0,0,,,,,,,,,,,,
IT-BCi,2006,GPP_DT_VUT_REF,568.7,17,0,13286,13302,13320,13335,13353,13375,13391,0,0,,,,,,,,,,,,
IT-Col,2006,GPP_DT_VUT_REF,1151.8,10,2,13151,13214,13281,13324,13369,13410,13440,0,0,,,,,,,,,,,,
IT-Cpz,2006,GPP_DT_VUT_REF,398.3,5,3,13200,13260,13331,13347,13370,13446,13486,0,0,,,,,,,,,,,,
IT-Lav,2006,GPP_DT_VUT_REF,619.7,12,0,13213,13240,13270,13289,13313,13423,13459,0,0,,,,,,,,,,,,
IT-MBo,2006,GPP_DT_VUT_REF,436.7,12,0,13262,13279,13300,13315,13327,13414,13454,0,0,,,,,,,,,,,,
IT-Ren,2006,GPP_DT_VUT_REF,360.5,7,0,13227,13262,13290,13306,13376,13417,13451,0,0,,,,,,,,,,,,
IT-Ro1,2006,GPP_DT_VUT_REF,465.2,11,0,13236,13259,13282,13298,13321,13380,13460,0,0,,,,,,,,,,,,
IT-Ro2,2006,GPP_DT_VUT_REF,554,13,0,13249,13268,13289,13309,13339,13400,13457,0,0,,,,,,,,,,,,
IT-SRo,2006,GPP_DT_VUT_REF,408.2,7,2,13195,13221,13259,13277,13318,13341,13446,0,0,,,,,,,,,,,,
JP-SMF,2006,GPP_DT_VUT_REF,404.4,7,0,13210,13262,13297,13313,13388,13425,13468,0,0,,,,,,,,,,,,
NL-Hor,2006,GPP_DT_VUT_REF,766.4,7,1,13190,13229,13300,13340,13359,13423,13460,0,0,,,,,,,,,,,,
NL-Loo,2006,GPP_DT_VUT_REF,571.2,7,1,13223,13252,13316,13341,13385,13429,13474,0,0,,,,,,,,,,,,
RU-Cok,2006,GPP_DT_VUT_REF,364.9,5,0,13198,13235,13286,13311,13336,13406,13447,0,0,,,,,,,,,,,,
RU-Fyo,2006,GPP_DT_VUT_REF,619.2,10,0,13242,13271,13311,13332,13368,13400,13440,0,0,,,,,,,,,,,,
US-ARb,2006,GPP_DT_VUT_REF,279.3,8,0,13255,13273,13291,13304,13319,13347,13421,0,0,,,,,,,,,,,,
US-ARc,2006,GPP_DT_VUT_REF,286.4,9,0,13256,13273,13292,13305,13324,13353,13431,0,0,,,,,,,,,,,,
US-ARM,2006,GPP_DT_VUT_REF,181.1,5,0,13161,13223,13239,13248,13275,13309,13414,0,0,,,,,,,,,,,,
US-Blo,2006,GPP_DT_VUT_REF,474,7,1,13241,13264,13300,13335,13362,13418,13463,0,0,,,,,,,,,,,,
US-GLE,2006,GPP_DT_VUT_REF,270.2,7,0,13273,13289,13308,13328,13375,13409,13433,0,0,,,,,,,,,,,,
US-Ha1,2006,GPP_DT_VUT_REF,633.9,15,0,13270,13297,13318,13333,13351,13397,13439,0,0,,,,,,,,,,,,
US-Los,2006,GPP_DT_VUT_REF,378,8,0,13251,13297,13320,13336,13359,13397,13421,0,0,,,,,,,,,,,,
US-Me2,2006,GPP_DT_VUT_REF,707.5,7,1,13156,13194,13255,13303,13321,13397,13464,0,0,,,,,,,,,,,,
US-MMS,2006,GPP_DT_VUT_REF,639.3,12,0,13252,13274,13300,13325,13381,13414,13440,0,0,,,,,,,,,,,,
US-Ne1,2006,GPP_DT_VUT_REF,741.8,23,-1,13295,13311,13329,13342,13357,13384,13404,0,0,,,,,,,,,,,,
US-Ne2,2006,GPP_DT_VUT_REF,623,15,0,13302,13330,13354,13369,13382,13401,13416,0,0,,,,,,,,,,,,
US-Ne3,2006,GPP_DT_VUT_REF,560.1,14,0,13307,13330,13352,13368,13382,13400,13415,0,0,,,,,,,,,,,,
US-NR1,2006,GPP_DT_VUT_REF,333.9,7,0,13254,13280,13304,13324,13365,13410,13438,0,0,,,,,,,,,,,,
US-PFa,2006,GPP_DT_VUT_REF,301.9,8,0,13245,13291,13309,13322,13339,13392,13424,0,0,,,,,,,,,,,,
US-Syv,2006,GPP_DT_VUT_REF,428.9,7,0,13257,13285,13316,13345,13369,13407,13437,0,0,,,,,,,,,,,,
US-Ton,2006,GPP_DT_VUT_REF,314,6,0,13162,13243,13265,13277,13290,13312,13393,0,0,,,,,,,,,,,,
US-UMB,2006,GPP_DT_VUT_REF,480.6,12,0,13272,13293,13313,13331,13358,13404,13428,0,0,,,,,,,,,,,,
US-Var,2006,GPP_DT_VUT_REF,394.6,7,0,13167,13215,13251,13265,13275,13292,13308,0,0,,,,,,,,,,,,
AT-Neu,2007,GPP_DT_VUT_REF,1190.8,12,0,13584,13608,13630,13705,13719,13773,13807,0,0,,,,,,,,,,,,
AU-Ade,2007,GPP_DT_VUT_REF,289.4,5,3,13749,13828,13850,13867,13905,13979,14010,0,0,,,,,,,,,,,,
AU-How,2007,GPP_DT_VUT_REF,192.2,6,2,13504,13517,13535,13551,13567,13638,13684,0,0,,,,,,,,,,,,
BE-Bra,2007,GPP_DT_VUT_REF,496,8,0,13560,13617,13655,13673,13729,13765,13807,0,0,,,,,,,,,,,,
BE-Lon,2007,GPP_DT_VUT_REF,864.4,14,1,13567,13604,13630,13658,13673,13692,13708,0,0,,,,,,,,,,,,
BE-Vie,2007,GPP_DT_VUT_REF,565.3,9,1,13575,13612,13660,13675,13695,13778,13811,0,0,,,,,,,,,,,,
CA-Man,2007,GPP_DT_VUT_REF,303.6,5,0,13621,13643,13671,13701,13727,13778,13807,0,0,,,,,,,,,,,,
CA-Qfo,2007,GPP_DT_VUT_REF,336.9,6,0,13626,13656,13696,13716,13735,13775,13814,0,0,,,,,,,,,,,,
CH-Cha,2007,GPP_DT_VUT_REF,1117.3,13,2,13550,13586,13671,13683,13698,13784,13816,0,0,,,,,,,,,,,,
CH-Dav,2007,GPP_DT_VUT_REF,233.6,5,1,13586,13624,13653,13666,13680,13793,13824,0,0,,,,,,,,,,,,
CH-Fru,2007,GPP_DT_VUT_REF,427.5,11,1,13587,13613,13634,13649,13671,13779,13814,0,0,,,,,,,,,,,,
CH-Lae,2007,GPP_DT_VUT_REF,639.4,10,1,13585,13619,13659,13678,13701,13787,13816,0,0,,,,,,,,,,,,
CH-Oe1,2007,GPP_DT_VUT_REF,661.9,10,2,13567,13598,13652,13667,13681,13781,13809,0,0,,,,,,,,,,,,
CH-Oe2,2007,GPP_DT_VUT_REF,566.3,12,1,13562,13605,13627,13641,13655,13678,13698,0,0,,,,,,,,,,,,
CN-Cng,2007,GPP_DT_VUT_REF,273.9,5,0,13659,13688,13718,13737,13748,13767,13786,0,0,,,,,,,,,,,,
CZ-BK1,2007,GPP_DT_VUT_REF,751.2,8,1,13552,13595,13673,13690,13715,13780,13808,0,0,,,,,,,,,,,,
CZ-wet,2007,GPP_DT_VUT_REF,471.2,11,0,13622,13642,13664,13681,13709,13751,13797,0,0,,,,,,,,,,,,
DE-Geb,2007,GPP_DT_VUT_REF,609,10,0,13576,13606,13643,13662,13675,13692,13708,0,0,,,,,,,,,,,,
DE-Gri,2007,GPP_DT_VUT_REF,752.5,8,1,13573,13604,13704,13716,13729,13757,13819,0,0,,,,,,,,,,,,
DE-Hai,2007,GPP_DT_VUT_REF,775.5,12,0,13617,13640,13675,13702,13725,13771,13800,0,0,,,,,,,,,,,,
DE-Kli,2007,GPP_DT_VUT_REF,434,11,0,13665,13684,13703,13715,13732,13758,13785,0,0,,,,,,,,,,,,
DE-Seh,2007,GPP_DT_VUT_REF,1332.7,12,1,13535,13585,13665,13695,13713,13785,13812,0,0,,,,,,,,,,,,
DE-Tha,2007,GPP_DT_VUT_REF,743.5,9,1,13573,13603,13656,13687,13728,13779,13817,0,0,,,,,,,,,,,,
DK-Sor,2007,GPP_DT_VUT_REF,657.5,15,0,13607,13634,13658,13674,13697,13768,13807,0,0,,,,,,,,,,,,
FI-Hyy,2007,GPP_DT_VUT_REF,607.1,8,0,13591,13642,13683,13713,13738,13769,13804,0,0,,,,,,,,,,,,
FI-Lom,2007,GPP_DT_VUT_REF,231.7,6,0,13656,13676,13698,13712,13727,13749,13768,0,0,,,,,,,,,,,,
FI-Sod,2007,GPP_DT_VUT_REF,382.7,5,0,13630,13656,13698,13728,13744,13768,13799,0,0,,,,,,,,,,,,
FR-Fon,2007,GPP_DT_VUT_REF,702.6,14,0,13606,13626,13651,13673,13699,13775,13807,0,0,,,,,,,,,,,,
FR-Gri,2007,GPP_DT_VUT_REF,552.2,12,1,13555,13597,13619,13632,13646,13666,13681,0,0,,,,,,,,,,,,
FR-LBr,2007,GPP_DT_VUT_REF,630.4,9,2,13571,13628,13678,13697,13719,13782,13827,0,0,,,,,,,,,,,,
FR-Pue,2007,GPP_DT_VUT_REF,398.5,5,2,13559,13620,13665,13683,13697,13718,13838,0,0,,,,,,,,,,,,
IT-BCi,2007,GPP_DT_VUT_REF,579.9,17,0,13662,13676,13695,13710,13724,13742,13756,0,0,,,,,,,,,,,,
IT-Col,2007,GPP_DT_VUT_REF,639,12,0,13610,13641,13674,13691,13707,13750,13799,0,0,,,,,,,,,,,,
IT-Cpz,2007,GPP_DT_VUT_REF,300.3,5,3,13541,13571,13609,13629,13649,13717,13793,0,0,,,,,,,,,,,,
IT-Lav,2007,GPP_DT_VUT_REF,870.2,9,1,13551,13590,13621,13686,13700,13795,13833,0,0,,,,,,,,,,,,
IT-MBo,2007,GPP_DT_VUT_REF,540.7,11,0,13611,13630,13659,13679,13693,13770,13810,0,0,,,,,,,,,,,,
IT-Ren,2007,GPP_DT_VUT_REF,565,8,0,13591,13611,13661,13689,13712,13778,13825,0,0,,,,,,,,,,,,
IT-Ro1,2007,GPP_DT_VUT_REF,563.5,12,0,13592,13634,13665,13676,13685,13700,13819,0,0,,,,,,,,,,,,
IT-Ro2,2007,GPP_DT_VUT_REF,534.5,12,0,13609,13630,13655,13673,13689,13720,13827,0,0,,,,,,,,,,,,
IT-SRo,2007,GPP_DT_VUT_REF,672.5,8,3,13555,13593,13652,13675,13689,13708,13835,0,0,,,,,,,,,,,,
NL-Hor,2007,GPP_DT_VUT_REF,481.9,11,0,13595,13622,13649,13664,13679,13762,13802,0,0,,,,,,,,,,,,
NL-Loo,2007,GPP_DT_VUT_REF,731.7,8,1,13572,13621,13699,13722,13745,13787,13824,0,0,,,,,,,,,,,,
RU-Cok,2007,GPP_DT_VUT_REF,481.1,4,0,13565,13598,13639,13716,13730,13751,13771,0,0,,,,,,,,,,,,
RU-Fyo,2007,GPP_DT_VUT_REF,630.9,12,0,13591,13651,13677,13692,13711,13762,13804,0,0,,,,,,,,,,,,
US-ARM,2007,GPP_DT_VUT_REF,320.4,8,0,13568,13589,13614,13626,13636,13652,13665,0,0,,,,,,,,,,,,
US-Blo,2007,GPP_DT_VUT_REF,403.7,5,2,13558,13585,13654,13679,13704,13746,13819,0,0,,,,,,,,,,,,
US-GLE,2007,GPP_DT_VUT_REF,466.3,7,0,13632,13657,13700,13722,13744,13776,13800,0,0,,,,,,,,,,,,
US-Ha1,2007,GPP_DT_VUT_REF,676.8,11,0,13613,13642,13677,13700,13722,13781,13809,0,0,,,,,,,,,,,,
US-Los,2007,GPP_DT_VUT_REF,548.8,6,2,13533,13595,13688,13707,13730,13761,13782,0,0,,,,,,,,,,,,
US-Me2,2007,GPP_DT_VUT_REF,514.5,7,2,13571,13619,13668,13683,13698,13741,13832,0,0,,,,,,,,,,,,
US-MMS,2007,GPP_DT_VUT_REF,721.9,13,0,13629,13646,13671,13700,13728,13776,13816,0,0,,,,,,,,,,,,
US-Ne1,2007,GPP_DT_VUT_REF,797.2,24,0,13661,13678,13696,13710,13726,13754,13778,0,0,,,,,,,,,,,,
US-Ne2,2007,GPP_DT_VUT_REF,884.7,23,0,13663,13681,13700,13716,13732,13756,13776,0,0,,,,,,,,,,,,
US-Ne3,2007,GPP_DT_VUT_REF,728.6,21,0,13664,13681,13700,13714,13730,13754,13772,0,0,,,,,,,,,,,,
US-NR1,2007,GPP_DT_VUT_REF,504.3,7,0,13616,13643,13693,13719,13743,13783,13815,0,0,,,,,,,,,,,,
US-PFa,2007,GPP_DT_VUT_REF,282.4,6,0,13597,13649,13673,13688,13713,13763,13800,0,0,,,,,,,,,,,,
US-Syv,2007,GPP_DT_VUT_REF,527.8,10,0,13619,13652,13674,13693,13724,13781,13853,0,0,,,,,,,,,,,,
US-Ton,2007,GPP_DT_VUT_REF,351.3,6,1,13518,13590,13615,13629,13644,13670,13737,0,0,,,,,,,,,,,,
US-UMB,2007,GPP_DT_VUT_REF,487.7,13,0,13635,13656,13675,13690,13708,13783,13806,0,0,,,,,,,,,,,,
US-UMd,2007,GPP_DT_VUT_REF,1195.6,12,0,13516,13566,13658,13682,13708,13789,13811,0,0,,,,,,,,,,,,
US-Var,2007,GPP_DT_VUT_REF,381.4,7,0,13531,13566,13591,13607,13624,13646,13665,0,0,,,,,,,,,,,,
US-Wkg,2007,GPP_DT_VUT_REF,139.5,4,0,13608,13713,13727,13735,13744,13760,13786,0,0,,,,,,,,,,,,
ZA-Kru,2007,GPP_DT_VUT_REF,210,6,0,13476,13510,13527,13537,13546,13559,13572,0,0,146.4,4,0,13824,13844,13863,13876,13890,13907,13924,0,0
AT-Neu,2008,GPP_DT_VUT_REF,1042.2,13,0,13967,13986,14007,14068,14084,14137,14179,0,0,,,,,,,,,,,,
AU-DaP,2008,GPP_DT_VUT_REF,1140.9,10,0,13797,13843,13892,13954,13969,13990,14013,0,0,,,,,,,,,,,,
AU-DaS,2008,GPP_DT_VUT_REF,324.5,6,2,13830,13858,13893,13914,13936,13960,14048,0,0,,,,,,,,,,,,
AU-How,2008,GPP_DT_VUT_REF,421.3,5,3,13802,13872,13894,13944,13959,13980,13997,0,0,,,,,,,,,,,,
AU-Lox,2008,GPP_DT_VUT_REF,1039.9,11,1,14122,14144,14180,14242,14275,14319,14344,0,0,,,,,,,,,,,,
AU-Tum,2008,GPP_DT_VUT_REF,681,6,5,13754,13787,13916,13928,13942,13990,14021,0,0,,,,,,,,,,,,
BE-Bra,2008,GPP_DT_VUT_REF,542.1,8,1,13948,14010,14041,14062,14092,14136,14192,0,0,,,,,,,,,,,,
BE-Lon,2008,GPP_DT_VUT_REF,596.8,16,0,14023,14041,14060,14077,14096,14149,14186,0,0,,,,,,,,,,,,
BE-Vie,2008,GPP_DT_VUT_REF,904.6,9,1,13935,13993,14027,14082,14106,14151,14185,0,0,,,,,,,,,,,,
CA-Man,2008,GPP_DT_VUT_REF,325,6,0,14003,14022,14057,14082,14105,14130,14199,0,0,,,,,,,,,,,,
CA-Qfo,2008,GPP_DT_VUT_REF,345.1,6,0,13989,14020,14059,14081,14105,14141,14177,0,0,,,,,,,,,,,,
CH-Cha,2008,GPP_DT_VUT_REF,1246.5,10,3,13930,13963,13991,14092,14107,14142,14189,0,0,,,,,,,,,,,,
CH-Dav,2008,GPP_DT_VUT_REF,222.4,6,0,13966,13987,14010,14022,14033,14140,14196,0,0,,,,,,,,,,,,
CH-Fru,2008,GPP_DT_VUT_REF,447.3,12,0,13975,13993,14012,14027,14043,14130,14182,0,0,,,,,,,,,,,,
CH-Lae,2008,GPP_DT_VUT_REF,583.8,12,0,13967,14004,14026,14047,14075,14148,14176,0,0,,,,,,,,,,,,
CH-Oe1,2008,GPP_DT_VUT_REF,660.8,11,0,14009,14046,14078,14104,14119,14172,14206,0,0,,,,,,,,,,,,
CH-Oe2,2008,GPP_DT_VUT_REF,592,12,1,13940,13978,14003,14021,14039,14061,14123,0,0,,,,,,,,,,,,
CN-Cng,2008,GPP_DT_VUT_REF,293.6,8,0,14017,14049,14069,14081,14093,14115,14141,0,0,,,,,,,,,,,,
CZ-BK1,2008,GPP_DT_VUT_REF,789.3,10,1,13917,13965,14025,14046,14063,14140,14197,0,0,,,,,,,,,,,,
CZ-wet,2008,GPP_DT_VUT_REF,401.6,11,0,13990,14009,14029,14044,14062,14107,14160,0,0,,,,,,,,,,,,
DE-Geb,2008,GPP_DT_VUT_REF,814.3,13,0,13956,13981,14006,14042,14054,14070,14084,0,0,,,,,,,,,,,,
DE-Gri,2008,GPP_DT_VUT_REF,321.3,9,0,13965,13982,14000,14012,14064,14144,14174,0,0,,,,,,,,,,,,
DE-Hai,2008,GPP_DT_VUT_REF,583.4,14,0,13989,14010,14033,14050,14073,14135,14170,0,0,,,,,,,,,,,,
DE-Kli,2008,GPP_DT_VUT_REF,283.8,8,0,14002,14022,14041,14054,14066,14087,14124,0,0,,,,,,,,,,,,
DE-Obe,2008,GPP_DT_VUT_REF,742.5,12,0,13962,13991,14026,14051,14074,14147,14192,0,0,,,,,,,,,,,,
DE-Seh,2008,GPP_DT_VUT_REF,826.9,14,0,13949,13979,14010,14034,14051,14070,14087,0,0,,,,,,,,,,,,
DE-Tha,2008,GPP_DT_VUT_REF,667.5,12,1,13941,13994,14022,14039,14060,14132,14186,0,0,,,,,,,,,,,,
DK-Sor,2008,GPP_DT_VUT_REF,668.4,16,0,13981,14005,14027,14042,14062,14131,14170,0,0,,,,,,,,,,,,
FI-Hyy,2008,GPP_DT_VUT_REF,482.1,8,0,13975,14000,14042,14063,14082,14138,14173,0,0,,,,,,,,,,,,
FI-Lom,2008,GPP_DT_VUT_REF,208,7,0,14032,14050,14067,14079,14092,14113,14135,0,0,,,,,,,,,,,,
FI-Sod,2008,GPP_DT_VUT_REF,259.9,5,0,13999,14029,14057,14076,14095,14134,14168,0,0,,,,,,,,,,,,
FR-Fon,2008,GPP_DT_VUT_REF,635.5,13,0,13987,14010,14038,14056,14078,14134,14170,0,0,,,,,,,,,,,,
FR-Gri,2008,GPP_DT_VUT_REF,701.6,15,1,13954,14043,14061,14074,14090,14115,14139,0,0,,,,,,,,,,,,
FR-LBr,2008,GPP_DT_VUT_REF,712.1,8,2,13911,13982,14018,14065,14082,14151,14198,0,0,,,,,,,,,,,,
FR-Pue,2008,GPP_DT_VUT_REF,413.1,5,2,13900,13992,14040,14053,14067,14092,14199,0,0,,,,,,,,,,,,
IT-BCi,2008,GPP_DT_VUT_REF,751.3,7,0,13796,13813,13957,13973,13984,13999,14010,0,0,581.8,19,0,14039,14053,14071,14083,14095,14111,14126,0,0
IT-Col,2008,GPP_DT_VUT_REF,448,11,0,14003,14020,14043,14060,14077,14128,14165,0,0,,,,,,,,,,,,
IT-Lav,2008,GPP_DT_VUT_REF,567.1,10,2,13928,13974,14007,14027,14147,14181,14201,0,0,,,,,,,,,,,,
IT-MBo,2008,GPP_DT_VUT_REF,349.9,10,0,13995,14011,14029,14043,14060,14140,14182,0,0,,,,,,,,,,,,
IT-Ren,2008,GPP_DT_VUT_REF,678.1,10,0,13982,14008,14056,14077,14097,14164,14198,0,0,,,,,,,,,,,,
IT-Ro1,2008,GPP_DT_VUT_REF,618.1,13,0,13964,13994,14019,14037,14053,14078,14194,0,0,,,,,,,,,,,,
IT-SRo,2008,GPP_DT_VUT_REF,1012.5,11,2,13906,13968,14034,14058,14081,14133,14176,0,0,,,,,,,,,,,,
IT-Tor,2008,GPP_DT_VUT_REF,906,7,2,13898,13931,14046,14071,14094,14137,14199,0,0,,,,,,,,,,,,
NL-Hor,2008,GPP_DT_VUT_REF,587.2,11,0,13970,14002,14032,14050,14066,14099,14166,0,0,,,,,,,,,,,,
NL-Loo,2008,GPP_DT_VUT_REF,762.8,9,1,13943,13998,14057,14087,14106,14150,14199,0,0,,,,,,,,,,,,
RU-Cok,2008,GPP_DT_VUT_REF,176.1,5,0,14045,14064,14082,14094,14104,14119,14134,0,0,,,,,,,,,,,,
RU-Fyo,2008,GPP_DT_VUT_REF,570.2,10,0,13974,14009,14041,14059,14091,14135,14175,0,0,,,,,,,,,,,,
SD-Dem,2008,GPP_DT_VUT_REF,214.2,6,0,14063,14080,14097,14109,14121,14146,14167,0,0,,,,,,,,,,,,
US-ARM,2008,GPP_DT_VUT_REF,526.4,10,0,13950,14028,14046,14057,14068,14086,14103,0,0,,,,,,,,,,,,
US-GLE,2008,GPP_DT_VUT_REF,257.8,5,0,14013,14033,14062,14081,14114,14144,14165,0,0,,,,,,,,,,,,
US-Ha1,2008,GPP_DT_VUT_REF,731.7,14,0,13996,14025,14053,14073,14092,14132,14173,0,0,,,,,,,,,,,,
US-Me2,2008,GPP_DT_VUT_REF,621.6,8,1,13929,13997,14039,14063,14091,14134,14214,0,0,,,,,,,,,,,,
US-MMS,2008,GPP_DT_VUT_REF,717.8,11,0,13994,14015,14044,14078,14115,14157,14181,0,0,,,,,,,,,,,,
US-Ne1,2008,GPP_DT_VUT_REF,780.3,22,0,14031,14047,14066,14081,14099,14126,14154,0,0,,,,,,,,,,,,
US-Ne2,2008,GPP_DT_VUT_REF,432.2,12,0,14046,14065,14086,14099,14112,14131,14147,0,0,,,,,,,,,,,,
US-Ne3,2008,GPP_DT_VUT_REF,484.4,14,0,14050,14069,14089,14102,14114,14134,14155,0,0,,,,,,,,,,,,
US-NR1,2008,GPP_DT_VUT_REF,332.7,7,0,14000,14020,14050,14070,14105,14156,14180,0,0,,,,,,,,,,,,
US-PFa,2008,GPP_DT_VUT_REF,350.9,6,0,14008,14037,14066,14089,14106,14133,14165,0,0,,,,,,,,,,,,
US-SRG,2008,GPP_DT_VUT_REF,218.4,7,0,14052,14067,14083,14094,14105,14131,14159,0,0,,,,,,,,,,,,
US-SRM,2008,GPP_DT_VUT_REF,183.5,5,0,14051,14067,14084,14094,14106,14133,14160,0,0,,,,,,,,,,,,
US-Ton,2008,GPP_DT_VUT_REF,202.8,4,0,13928,13953,13977,13992,14007,14095,14124,0,0,,,,,,,,,,,,
US-UMB,2008,GPP_DT_VUT_REF,601.8,12,0,14005,14027,14050,14075,14099,14147,14172,0,0,,,,,,,,,,,,
US-UMd,2008,GPP_DT_VUT_REF,504.1,12,0,14007,14029,14051,14068,14088,14145,14173,0,0,,,,,,,,,,,,
US-Var,2008,GPP_DT_VUT_REF,219.5,4,0,13898,13920,13953,13969,13982,14000,14016,0,0,,,,,,,,,,,,
AR-SLu,2009,GPP_DT_VUT_REF,411.2,6,8,14452,14494,14537,14556,14581,14676,14723,0,0,,,,,,,,,,,,
AT-Neu,2009,GPP_DT_VUT_REF,406.5,13,0,14332,14347,14365,14377,14390,14503,14536,0,0,,,,,,,,,,,,
AU-Ade,2009,GPP_DT_VUT_REF,693.7,8,2,14174,14220,14262,14306,14322,14340,14359,0,0,,,,,,,,,,,,
AU-DaP,2009,GPP_DT_VUT_REF,832.9,9,0,14198,14219,14247,14311,14325,14346,14370,0,0,,,,,,,,,,,,
AU-DaS,2009,GPP_DT_VUT_REF,354.4,6,2,14196,14223,14263,14286,14302,14329,14371,0,0,,,,,,,,,,,,
AU-How,2009,GPP_DT_VUT_REF,407.1,6,3,14176,14211,14255,14280,14301,14338,14380,0,0,,,,,,,,,,,,
AU-Tum,2009,GPP_DT_VUT_REF,773.5,6,5,14128,14149,14174,14294,14313,14356,14395,0,0,412.7,8,4,14481,14528,14552,14564,14584,14683,14708,0,0
BE-Bra,2009,GPP_DT_VUT_REF,833.1,8,1,14321,14360,14413,14461,14478,14514,14549,0,0,,,,,,,,,,,,
BE-Lon,2009,GPP_DT_VUT_REF,811.8,17,0,14335,14355,14383,14402,14419,14438,14455,0,0,,,,,,,,,,,,
BE-Vie,2009,GPP_DT_VUT_REF,931.3,12,1,14313,14346,14395,14426,14455,14502,14549,0,0,,,,,,,,,,,,
CA-Qfo,2009,GPP_DT_VUT_REF,319.8,6,0,14357,14401,14431,14448,14469,14497,14523,0,0,,,,,,,,,,,,
CH-Cha,2009,GPP_DT_VUT_REF,1036.6,12,2,14271,14311,14369,14399,14432,14518,14549,0,0,,,,,,,,,,,,
CH-Dav,2009,GPP_DT_VUT_REF,265.6,6,0,14323,14339,14363,14379,14398,14510,14534,0,0,,,,,,,,,,,,
CH-Fru,2009,GPP_DT_VUT_REF,476.6,13,0,14337,14356,14378,14391,14402,14499,14543,0,0,,,,,,,,,,,,
CH-Lae,2009,GPP_DT_VUT_REF,785.6,11,0,14284,14358,14387,14418,14456,14513,14542,0,0,,,,,,,,,,,,
CH-Oe2,2009,GPP_DT_VUT_REF,558.9,14,0,14323,14344,14368,14383,14397,14417,14434,0,0,125.3,5,0,14480,14495,14510,14519,14530,14557,14588,0,0
CN-Cng,2009,GPP_DT_VUT_REF,294.1,6,0,14373,14398,14424,14440,14453,14475,14502,0,0,,,,,,,,,,,,
CZ-wet,2009,GPP_DT_VUT_REF,315.7,8,0,14346,14365,14385,14399,14414,14506,14535,0,0,,,,,,,,,,,,
DE-Geb,2009,GPP_DT_VUT_REF,376.3,10,0,14377,14395,14416,14431,14446,14469,14492,0,0,,,,,,,,,,,,
DE-Gri,2009,GPP_DT_VUT_REF,1190.5,11,0,14321,14341,14366,14464,14477,14502,14553,0,0,,,,,,,,,,,,
DE-Hai,2009,GPP_DT_VUT_REF,780.3,13,0,14344,14369,14401,14431,14467,14506,14537,0,0,,,,,,,,,,,,
DE-Kli,2009,GPP_DT_VUT_REF,953.8,14,0,14248,14320,14351,14374,14394,14418,14439,0,0,,,,,,,,,,,,
DE-Obe,2009,GPP_DT_VUT_REF,1064.6,11,0,14322,14345,14431,14455,14480,14513,14575,0,0,,,,,,,,,,,,
DE-Seh,2009,GPP_DT_VUT_REF,555.8,13,0,14321,14343,14367,14384,14399,14422,14440,0,0,,,,,,,,,,,,
DE-Tha,2009,GPP_DT_VUT_REF,1177.3,11,0,14314,14339,14425,14454,14477,14513,14578,0,0,,,,,,,,,,,,
DK-Sor,2009,GPP_DT_VUT_REF,818.9,15,0,14339,14365,14395,14418,14438,14493,14530,0,0,,,,,,,,,,,,
DK-ZaF,2009,GPP_DT_VUT_REF,429.5,5,0,14301,14332,14377,14418,14440,14464,14484,0,0,,,,,,,,,,,,
FI-Hyy,2009,GPP_DT_VUT_REF,605.9,9,0,14344,14372,14413,14437,14461,14500,14533,0,0,,,,,,,,,,,,
FI-Lom,2009,GPP_DT_VUT_REF,261.2,8,0,14393,14411,14431,14444,14457,14479,14500,0,0,,,,,,,,,,,,
FI-Sod,2009,GPP_DT_VUT_REF,331.2,5,0,14360,14383,14438,14454,14469,14499,14529,0,0,,,,,,,,,,,,
FR-Fon,2009,GPP_DT_VUT_REF,696.8,11,0,14343,14367,14403,14429,14457,14505,14545,0,0,,,,,,,,,,,,
FR-Gri,2009,GPP_DT_VUT_REF,670.2,15,1,14313,14344,14368,14384,14399,14421,14438,0,0,,,,,,,,,,,,
FR-Pue,2009,GPP_DT_VUT_REF,444.7,5,1,14276,14312,14386,14406,14423,14449,14465,0,0,,,,,,,,,,,,
IT-BCi,2009,GPP_DT_VUT_REF,598.9,13,0,14343,14441,14459,14470,14483,14499,14514,0,0,,,,,,,,,,,,
IT-Col,2009,GPP_DT_VUT_REF,706.7,15,0,14363,14382,14410,14430,14447,14499,14539,0,0,,,,,,,,,,,,
IT-Lav,2009,GPP_DT_VUT_REF,964.6,13,1,14310,14335,14377,14409,14455,14527,14567,0,0,,,,,,,,,,,,
IT-MBo,2009,GPP_DT_VUT_REF,361.4,12,0,14369,14383,14400,14412,14425,14502,14536,0,0,,,,,,,,,,,,
IT-Noe,2009,GPP_DT_VUT_REF,313.9,5,2,14282,14347,14376,14390,14403,14428,14465,0,0,,,,,,,,,,,,
IT-Ren,2009,GPP_DT_VUT_REF,829.6,10,0,14307,14352,14404,14430,14456,14519,14553,0,0,,,,,,,,,,,,
IT-SRo,2009,GPP_DT_VUT_REF,806.6,10,3,14286,14332,14391,14409,14432,14466,14568,0,0,,,,,,,,,,,,
IT-Tor,2009,GPP_DT_VUT_REF,338,9,0,14387,14404,14426,14441,14459,14493,14533,0,0,,,,,,,,,,,,
NL-Hor,2009,GPP_DT_VUT_REF,254,7,0,14320,14346,14367,14380,14395,14504,14532,0,0,,,,,,,,,,,,
NL-Loo,2009,GPP_DT_VUT_REF,916.6,9,1,14305,14341,14415,14445,14473,14509,14561,0,0,,,,,,,,,,,,
RU-Cok,2009,GPP_DT_VUT_REF,137,4,0,14401,14419,14438,14450,14463,14487,14532,0,0,,,,,,,,,,,,
RU-Fyo,2009,GPP_DT_VUT_REF,775.7,11,0,14347,14372,14403,14439,14463,14500,14538,0,0,,,,,,,,,,,,
SD-Dem,2009,GPP_DT_VUT_REF,172.2,5,0,14436,14453,14472,14484,14496,14517,14535,0,0,,,,,,,,,,,,
US-AR1,2009,GPP_DT_VUT_REF,352.2,5,1,14246,14346,14379,14390,14403,14428,14501,0,0,,,,,,,,,,,,
US-ARM,2009,GPP_DT_VUT_REF,331.8,6,0,14200,14315,14343,14355,14367,14387,14402,0,0,,,,,,,,,,,,
US-GLE,2009,GPP_DT_VUT_REF,278.4,6,0,14374,14392,14417,14435,14469,14504,14524,0,0,,,,,,,,,,,,
US-Ha1,2009,GPP_DT_VUT_REF,627,11,0,14355,14385,14419,14438,14487,14519,14550,0,0,,,,,,,,,,,,
US-Me2,2009,GPP_DT_VUT_REF,520.7,7,1,14320,14354,14393,14417,14463,14502,14575,0,0,,,,,,,,,,,,
US-MMS,2009,GPP_DT_VUT_REF,629,12,0,14353,14375,14403,14427,14479,14512,14535,0,0,,,,,,,,,,,,
US-Ne1,2009,GPP_DT_VUT_REF,835.2,21,0,14391,14409,14429,14446,14464,14495,14517,0,0,,,,,,,,,,,,
US-Ne2,2009,GPP_DT_VUT_REF,893.8,23,0,14391,14409,14430,14446,14463,14490,14514,0,0,,,,,,,,,,,,
US-Ne3,2009,GPP_DT_VUT_REF,879.7,23,0,14392,14410,14430,14446,14462,14484,14504,0,0,,,,,,,,,,,,
US-NR1,2009,GPP_DT_VUT_REF,482.1,6,0,14349,14370,14405,14447,14473,14506,14543,0,0,,,,,,,,,,,,
US-PFa,2009,GPP_DT_VUT_REF,329.4,6,0,14358,14389,14439,14451,14465,14500,14528,0,0,,,,,,,,,,,,
US-Ton,2009,GPP_DT_VUT_REF,389.6,6,0,14205,14323,14350,14365,14381,14409,14440,0,0,,,,,,,,,,,,
US-Twt,2009,GPP_DT_VUT_REF,487.2,12,0,14395,14419,14441,14456,14473,14505,14534,0,0,,,,,,,,,,,,
US-UMB,2009,GPP_DT_VUT_REF,490.6,11,0,14372,14398,14421,14438,14466,14509,14531,0,0,,,,,,,,,,,,
US-UMd,2009,GPP_DT_VUT_REF,460.2,11,0,14374,14397,14419,14436,14464,14510,14534,0,0,,,,,,,,,,,,
US-Var,2009,GPP_DT_VUT_REF,467.4,7,0,14243,14294,14326,14347,14361,14378,14392,0,0,,,,,,,,,,,,
ZA-Kru,2009,GPP_DT_VUT_REF,407.6,11,0,14202,14231,14251,14263,14279,14344,14392,0,0,,,,,,,,,,,,
ZM-Mon,2009,GPP_DT_VUT_REF,463.8,8,0,14164,14195,14230,14251,14270,14353,14393,0,0,,,,,,,,,,,,
AR-SLu,2010,GPP_DT_VUT_REF,578.6,8,3,14805,14891,14922,14949,14964,15062,15102,0,0,,,,,,,,,,,,
AT-Neu,2010,GPP_DT_VUT_REF,358.9,11,0,14693,14711,14728,14741,14760,14871,14894,0,0,,,,,,,,,,,,
AU-DaP,2010,GPP_DT_VUT_REF,736.8,11,0,14583,14601,14632,14670,14684,14705,14744,0,0,,,,,,,,,,,,
AU-DaS,2010,GPP_DT_VUT_REF,216.8,5,2,14582,14602,14623,14642,14658,14689,14738,0,0,,,,,,,,,,,,
AU-Dry,2010,GPP_DT_VUT_REF,213.7,6,1,14595,14614,14635,14650,14681,14743,14807,0,0,,,,,,,,,,,,
AU-How,2010,GPP_DT_VUT_REF,451.7,7,4,14542,14564,14623,14639,14653,14709,14762,0,0,299.5,4,4,14867,14886,14911,14956,15021,15100,15125,0,0
AU-Stp,2010,GPP_DT_VUT_REF,252.5,5,0,14611,14662,14684,14696,14706,14721,14738,0,0,,,,,,,,,,,,
AU-Wom,2010,GPP_DT_VUT_REF,558.2,7,4,14488,14538,14602,14622,14640,14706,14742,0,0,490.3,6,3,14818,14870,14940,14961,14974,15075,15122,0,0
BE-Bra,2010,GPP_DT_VUT_REF,454.3,8,1,14682,14730,14761,14777,14793,14882,14919,0,0,,,,,,,,,,,,
BE-Lon,2010,GPP_DT_VUT_REF,265.3,10,0,14749,14764,14780,14790,14802,14823,14840,0,0,,,,,,,,,,,,
BE-Vie,2010,GPP_DT_VUT_REF,691.1,11,1,14691,14736,14767,14788,14815,14877,14910,0,0,,,,,,,,,,,,
CA-Qfo,2010,GPP_DT_VUT_REF,353.4,6,0,14723,14747,14794,14811,14845,14878,14906,0,0,,,,,,,,,,,,
CH-Cha,2010,GPP_DT_VUT_REF,887.7,11,1,14661,14686,14761,14775,14792,14884,14926,0,0,,,,,,,,,,,,
CH-Dav,2010,GPP_DT_VUT_REF,313,5,0,14687,14704,14723,14770,14843,14900,14938,0,0,,,,,,,,,,,,
CH-Fru,2010,GPP_DT_VUT_REF,440.4,11,0,14694,14714,14741,14755,14840,14864,14922,0,0,,,,,,,,,,,,
CH-Lae,2010,GPP_DT_VUT_REF,685.3,11,1,14697,14744,14784,14802,14829,14877,14914,0,0,,,,,,,,,,,,
CN-Cng,2010,GPP_DT_VUT_REF,264.3,6,0,14750,14780,14800,14813,14826,14850,14871,0,0,,,,,,,,,,,,
CZ-wet,2010,GPP_DT_VUT_REF,437,11,0,14724,14744,14766,14782,14799,14827,14883,0,0,,,,,,,,,,,,
DE-Akm,2010,GPP_DT_VUT_REF,454.1,11,0,14737,14761,14783,14798,14816,14854,14890,0,0,,,,,,,,,,,,
DE-Geb,2010,GPP_DT_VUT_REF,613.9,15,0,14707,14734,14759,14773,14786,14803,14819,0,0,,,,,,,,,,,,
DE-Gri,2010,GPP_DT_VUT_REF,810.8,11,0,14690,14721,14783,14801,14818,14870,14912,0,0,,,,,,,,,,,,
DE-Hai,2010,GPP_DT_VUT_REF,516.5,12,0,14721,14751,14772,14788,14808,14872,14902,0,0,,,,,,,,,,,,
DE-Kli,2010,GPP_DT_VUT_REF,694.5,10,0,14683,14704,14729,14775,14788,14808,14837,0,0,,,,,,,,,,,,
DE-Obe,2010,GPP_DT_VUT_REF,694.5,10,0,14679,14705,14773,14790,14817,14872,14921,0,0,,,,,,,,,,,,
DE-Seh,2010,GPP_DT_VUT_REF,527.1,10,0,14752,14771,14792,14820,14846,14892,14928,0,0,,,,,,,,,,,,
DE-Spw,2010,GPP_DT_VUT_REF,953,10,1,14638,14690,14771,14789,14831,14868,14903,0,0,,,,,,,,,,,,
DE-Tha,2010,GPP_DT_VUT_REF,832.9,13,0,14680,14722,14770,14784,14802,14873,14926,0,0,,,,,,,,,,,,
DK-Sor,2010,GPP_DT_VUT_REF,784.2,17,0,14717,14749,14775,14791,14808,14848,14899,0,0,,,,,,,,,,,,
DK-ZaF,2010,GPP_DT_VUT_REF,194.9,5,0,14752,14774,14796,14808,14819,14836,14851,0,0,,,,,,,,,,,,
FI-Hyy,2010,GPP_DT_VUT_REF,500.2,11,0,14711,14744,14767,14784,14805,14850,14897,0,0,,,,,,,,,,,,
FI-Sod,2010,GPP_DT_VUT_REF,331.8,7,0,14732,14758,14789,14806,14823,14852,14890,0,0,,,,,,,,,,,,
FR-Fon,2010,GPP_DT_VUT_REF,774,11,0,14711,14736,14761,14805,14827,14877,14909,0,0,,,,,,,,,,,,
FR-Gri,2010,GPP_DT_VUT_REF,716.7,13,0,14662,14698,14722,14749,14770,14791,14808,0,0,,,,,,,,,,,,
FR-Pue,2010,GPP_DT_VUT_REF,422.7,5,1,14644,14691,14757,14782,14795,14811,14944,0,0,,,,,,,,,,,,
IT-BCi,2010,GPP_DT_VUT_REF,475.7,16,1,14790,14805,14822,14833,14845,14866,14885,0,0,,,,,,,,,,,,
IT-Col,2010,GPP_DT_VUT_REF,696,13,0,14729,14748,14775,14802,14851,14912,14973,0,0,,,,,,,,,,,,
IT-Lav,2010,GPP_DT_VUT_REF,730.4,11,1,14672,14702,14732,14763,14799,14884,14919,0,0,,,,,,,,,,,,
IT-MBo,2010,GPP_DT_VUT_REF,457.4,11,0,14725,14744,14765,14784,14799,14869,14900,0,0,,,,,,,,,,,,
IT-Ren,2010,GPP_DT_VUT_REF,488,10,0,14698,14722,14752,14769,14825,14892,14925,0,0,,,,,,,,,,,,
IT-SRo,2010,GPP_DT_VUT_REF,835.9,10,2,14630,14681,14752,14767,14779,14863,14918,0,0,,,,,,,,,,,,
IT-Tor,2010,GPP_DT_VUT_REF,323,10,0,14753,14771,14791,14803,14817,14854,14895,0,0,,,,,,,,,,,,
NL-Hor,2010,GPP_DT_VUT_REF,575.2,9,0,14707,14738,14774,14797,14816,14853,14908,0,0,,,,,,,,,,,,
NL-Loo,2010,GPP_DT_VUT_REF,872,9,1,14676,14703,14773,14812,14836,14879,14923,0,0,,,,,,,,,,,,
RU-Cok,2010,GPP_DT_VUT_REF,259.8,5,0,14664,14701,14732,14751,14780,14849,14869,0,0,,,,,,,,,,,,
RU-Fyo,2010,GPP_DT_VUT_REF,695.5,12,0,14694,14740,14775,14789,14801,14825,14903,0,0,,,,,,,,,,,,
SN-Dhr,2010,GPP_DT_VUT_REF,428.8,13,1,14798,14812,14830,14845,14862,14888,14905,0,0,,,,,,,,,,,,
US-AR1,2010,GPP_DT_VUT_REF,371.1,7,0,14672,14773,14801,14813,14825,14842,14905,0,0,,,,,,,,,,,,
US-AR2,2010,GPP_DT_VUT_REF,259.3,6,0,14703,14728,14750,14762,14779,14799,14833,0,0,,,,,,,,,,,,
US-ARM,2010,GPP_DT_VUT_REF,486,10,0,14556,14686,14707,14719,14729,14747,14838,0,0,,,,,,,,,,,,
US-GLE,2010,GPP_DT_VUT_REF,210.8,4,0,14749,14767,14802,14820,14834,14859,14893,0,0,,,,,,,,,,,,
US-Ha1,2010,GPP_DT_VUT_REF,807.1,15,0,14708,14740,14769,14788,14809,14856,14898,0,0,,,,,,,,,,,,
US-Me2,2010,GPP_DT_VUT_REF,565.6,8,1,14659,14717,14763,14779,14804,14870,14922,0,0,,,,,,,,,,,,
US-Me6,2010,GPP_DT_VUT_REF,452.9,4,1,14625,14666,14760,14784,14810,14864,14906,0,0,,,,,,,,,,,,
US-MMS,2010,GPP_DT_VUT_REF,691.1,12,0,14709,14728,14757,14785,14814,14856,14893,0,0,,,,,,,,,,,,
US-Ne1,2010,GPP_DT_VUT_REF,800.4,23,0,14761,14779,14799,14812,14826,14849,14867,0,0,,,,,,,,,,,,
US-Ne2,2010,GPP_DT_VUT_REF,732.7,20,0,14766,14783,14804,14818,14832,14855,14874,0,0,,,,,,,,,,,,
US-Ne3,2010,GPP_DT_VUT_REF,570.4,16,0,14778,14799,14818,14830,14843,14862,14878,0,0,,,,,,,,,,,,
US-NR1,2010,GPP_DT_VUT_REF,479.4,7,0,14732,14754,14786,14824,14843,14874,14912,0,0,,,,,,,,,,,,
US-PFa,2010,GPP_DT_VUT_REF,277.9,6,0,14730,14752,14778,14797,14820,14857,14897,0,0,,,,,,,,,,,,
US-SRG,2010,GPP_DT_VUT_REF,279.5,6,0,14685,14816,14831,14841,14852,14871,14903,0,0,,,,,,,,,,,,
US-Ton,2010,GPP_DT_VUT_REF,336.8,5,1,14624,14697,14730,14749,14764,14788,14858,0,0,,,,,,,,,,,,
US-Twt,2010,GPP_DT_VUT_REF,699.3,12,0,14744,14781,14809,14834,14861,14895,14919,0,0,,,,,,,,,,,,
US-UMB,2010,GPP_DT_VUT_REF,462.8,11,0,14725,14747,14767,14785,14833,14871,14896,0,0,,,,,,,,,,,,
US-UMd,2010,GPP_DT_VUT_REF,361.1,10,0,14720,14741,14760,14775,14814,14871,14895,0,0,,,,,,,,,,,,
US-Var,2010,GPP_DT_VUT_REF,418.1,5,0,14605,14642,14682,14722,14743,14765,14783,0,0,,,,,,,,,,,,
ZA-Kru,2010,GPP_DT_VUT_REF,248.4,8,1,14593,14609,14625,14636,14646,14739,14776,0,0,,,,,,,,,,,,
AR-SLu,2011,GPP_DT_VUT_REF,641.1,7,5,15186,15218,15300,15326,15343,15420,15465,0,0,,,,,,,,,,,,
AR-Vir,2011,GPP_DT_VUT_REF,377.7,5,6,15194,15239,15302,15315,15327,15424,15488,0,0,,,,,,,,,,,,
AT-Neu,2011,GPP_DT_VUT_REF,474.8,12,0,15053,15071,15091,15108,15170,15228,15251,0,0,,,,,,,,,,,,
AU-ASM,2011,GPP_DT_VUT_REF,228.7,4,1,14952,15009,15033,15053,15068,15092,15125,0,0,,,,,,,,,,,,
AU-DaP,2011,GPP_DT_VUT_REF,982,8,0,14888,14903,15005,15047,15066,15096,15130,0,0,447.4,11,0,15272,15290,15312,15330,15367,15413,15482,0,0
AU-How,2011,GPP_DT_VUT_REF,620.2,8,2,15184,15242,15294,15313,15388,15417,15451,0,0,,,,,,,,,,,,
AU-RDF,2011,GPP_DT_VUT_REF,206.9,5,3,15257,15277,15300,15315,15334,15412,15439,0,0,,,,,,,,,,,,
AU-Stp,2011,GPP_DT_VUT_REF,371.3,4,0,14955,14979,15062,15076,15089,15117,15191,0,0,,,,,,,,,,,,
AU-Tum,2011,GPP_DT_VUT_REF,617.4,8,4,14861,14898,14965,14981,14998,15052,15106,0,0,511.2,7,5,15218,15256,15323,15335,15370,15424,15497,0,0
BE-Bra,2011,GPP_DT_VUT_REF,897.4,10,1,15039,15073,15141,15169,15196,15246,15297,0,0,,,,,,,,,,,,
BE-Lon,2011,GPP_DT_VUT_REF,677.6,17,0,15049,15070,15091,15106,15121,15146,15175,0,0,,,,,,,,,,,,
BE-Vie,2011,GPP_DT_VUT_REF,557.4,10,1,15016,15071,15100,15118,15162,15232,15276,0,0,,,,,,,,,,,,
CH-Cha,2011,GPP_DT_VUT_REF,1082.1,10,2,15031,15055,15175,15191,15205,15252,15332,0,0,,,,,,,,,,,,
CH-Dav,2011,GPP_DT_VUT_REF,374.2,5,0,15037,15059,15112,15134,15196,15253,15292,0,0,,,,,,,,,,,,
CH-Fru,2011,GPP_DT_VUT_REF,356.2,11,0,15046,15063,15081,15093,15199,15225,15254,0,0,,,,,,,,,,,,
CH-Lae,2011,GPP_DT_VUT_REF,1186.3,10,1,15048,15078,15122,15195,15213,15248,15303,0,0,,,,,,,,,,,,
CH-Oe2,2011,GPP_DT_VUT_REF,532.9,13,0,15044,15065,15088,15104,15121,15153,15196,0,0,,,,,,,,,,,,
CZ-wet,2011,GPP_DT_VUT_REF,351.5,9,0,15089,15108,15129,15144,15169,15226,15259,0,0,,,,,,,,,,,,
DE-Akm,2011,GPP_DT_VUT_REF,801.8,12,0,15023,15089,15124,15142,15160,15231,15267,0,0,,,,,,,,,,,,
DE-Gri,2011,GPP_DT_VUT_REF,479.3,11,0,15047,15077,15105,15118,15129,15238,15262,0,0,,,,,,,,,,,,
DE-Hai,2011,GPP_DT_VUT_REF,468.6,11,0,15075,15096,15118,15137,15191,15238,15267,0,0,,,,,,,,,,,,
DE-Kli,2011,GPP_DT_VUT_REF,503,14,0,15072,15092,15112,15125,15140,15170,15194,0,0,,,,,,,,,,,,
DE-Lkb,2011,GPP_DT_VUT_REF,213.8,4,0,15060,15110,15135,15153,15171,15222,15259,0,0,,,,,,,,,,,,
DE-Obe,2011,GPP_DT_VUT_REF,649.8,11,0,15043,15069,15114,15133,15156,15236,15268,0,0,,,,,,,,,,,,
DE-RuR,2011,GPP_DT_VUT_REF,802.7,8,1,14993,15038,15093,15138,15214,15252,15292,0,0,,,,,,,,,,,,
DE-RuS,2011,GPP_DT_VUT_REF,621.9,14,0,15099,15121,15143,15159,15179,15243,15304,0,0,,,,,,,,,,,,
DE-Spw,2011,GPP_DT_VUT_REF,528.1,12,0,15075,15099,15124,15141,15168,15224,15272,0,0,,,,,,,,,,,,
DE-Tha,2011,GPP_DT_VUT_REF,629,10,0,15038,15066,15105,15126,15202,15253,15289,0,0,,,,,,,,,,,,
DK-Sor,2011,GPP_DT_VUT_REF,658,16,0,15072,15093,15116,15132,15150,15222,15267,0,0,,,,,,,,,,,,
DK-ZaF,2011,GPP_DT_VUT_REF,135.5,5,0,15135,15151,15166,15175,15185,15200,15215,0,0,,,,,,,,,,,,
FI-Hyy,2011,GPP_DT_VUT_REF,624.9,10,0,15074,15101,15141,15164,15192,15229,15269,0,0,,,,,,,,,,,,
FI-Sod,2011,GPP_DT_VUT_REF,322.4,7,0,15092,15121,15152,15167,15182,15218,15259,0,0,,,,,,,,,,,,
FR-Fon,2011,GPP_DT_VUT_REF,452.8,12,0,15068,15086,15106,15122,15144,15235,15273,0,0,,,,,,,,,,,,
FR-Gri,2011,GPP_DT_VUT_REF,858.6,14,1,15093,15135,15157,15186,15203,15220,15235,0,0,,,,,,,,,,,,
FR-Pue,2011,GPP_DT_VUT_REF,412.7,5,1,15004,15055,15123,15136,15147,15231,15247,0,0,,,,,,,,,,,,
IT-BCi,2011,GPP_DT_VUT_REF,527.6,17,1,15109,15123,15141,15154,15166,15187,15206,0,0,,,,,,,,,,,,
IT-CA1,2011,GPP_DT_VUT_REF,934.2,9,3,15002,15058,15153,15168,15181,15198,15284,0,0,,,,,,,,,,,,
IT-CA2,2011,GPP_DT_VUT_REF,169,5,0,15225,15248,15271,15283,15295,15312,15325,0,0,,,,,,,,,,,,
IT-Col,2011,GPP_DT_VUT_REF,461.6,11,0,15093,15110,15132,15151,15188,15243,15270,0,0,,,,,,,,,,,,
IT-Lav,2011,GPP_DT_VUT_REF,1008,10,1,15026,15052,15078,15152,15194,15263,15312,0,0,,,,,,,,,,,,
IT-MBo,2011,GPP_DT_VUT_REF,550.1,9,0,15076,15098,15130,15158,15183,15252,15280,0,0,,,,,,,,,,,,
IT-Ren,2011,GPP_DT_VUT_REF,886.5,9,0,15045,15066,15148,15176,15193,15250,15304,0,0,,,,,,,,,,,,
IT-Ro2,2011,GPP_DT_VUT_REF,827.9,13,0,15067,15085,15112,15152,15171,15223,15297,0,0,,,,,,,,,,,,
IT-SRo,2011,GPP_DT_VUT_REF,536.6,6,3,15025,15063,15135,15151,15165,15190,15246,0,0,,,,,,,,,,,,
IT-Tor,2011,GPP_DT_VUT_REF,399.5,7,0,15075,15108,15142,15160,15204,15245,15279,0,0,,,,,,,,,,,,
NL-Hor,2011,GPP_DT_VUT_REF,344.7,7,0,15056,15077,15100,15124,15139,15219,15279,0,0,,,,,,,,,,,,
NL-Loo,2011,GPP_DT_VUT_REF,796.5,7,1,15035,15063,15157,15187,15210,15253,15297,0,0,,,,,,,,,,,,
RU-Cok,2011,GPP_DT_VUT_REF,379.7,6,0,15027,15065,15106,15127,15162,15212,15265,0,0,,,,,,,,,,,,
RU-Fyo,2011,GPP_DT_VUT_REF,659.5,11,0,15072,15104,15140,15164,15185,15223,15264,0,0,,,,,,,,,,,,
SN-Dhr,2011,GPP_DT_VUT_REF,327.8,9,2,15176,15192,15208,15218,15230,15252,15274,0,0,,,,,,,,,,,,
US-GLE,2011,GPP_DT_VUT_REF,308.2,5,0,15088,15141,15174,15192,15213,15245,15271,0,0,,,,,,,,,,,,
US-Ha1,2011,GPP_DT_VUT_REF,747,14,0,15090,15126,15160,15176,15198,15242,15270,0,0,,,,,,,,,,,,
US-Me2,2011,GPP_DT_VUT_REF,670.3,8,2,15038,15095,15150,15171,15192,15259,15284,0,0,,,,,,,,,,,,
US-Me6,2011,GPP_DT_VUT_REF,328.1,5,0,15041,15090,15140,15156,15175,15213,15294,0,0,,,,,,,,,,,,
US-MMS,2011,GPP_DT_VUT_REF,591.1,12,0,15090,15109,15135,15158,15183,15228,15265,0,0,,,,,,,,,,,,
US-Ne1,2011,GPP_DT_VUT_REF,685.9,21,0,15136,15153,15170,15183,15198,15225,15251,0,0,,,,,,,,,,,,
US-Ne2,2011,GPP_DT_VUT_REF,769.8,23,0,15136,15153,15171,15185,15201,15226,15250,0,0,,,,,,,,,,,,
US-Ne3,2011,GPP_DT_VUT_REF,671.6,21,0,15135,15152,15169,15181,15195,15218,15237,0,0,,,,,,,,,,,,
US-NR1,2011,GPP_DT_VUT_REF,440.8,7,0,15100,15120,15148,15179,15206,15246,15272,0,0,,,,,,,,,,,,
US-ORv,2011,GPP_DT_VUT_REF,301.7,7,0,15069,15099,15120,15136,15153,15229,15264,0,0,,,,,,,,,,,,
US-PFa,2011,GPP_DT_VUT_REF,289.2,6,0,15094,15117,15140,15159,15179,15221,15268,0,0,,,,,,,,,,,,
US-Prr,2011,GPP_DT_VUT_REF,201.4,4,0,15102,15122,15145,15166,15195,15219,15244,0,0,,,,,,,,,,,,
US-Ton,2011,GPP_DT_VUT_REF,273,6,1,14981,15059,15076,15086,15098,15124,15189,0,0,,,,,,,,,,,,
US-Twt,2011,GPP_DT_VUT_REF,450.8,12,0,15131,15149,15168,15185,15206,15237,15268,0,0,,,,,,,,,,,,
US-UMB,2011,GPP_DT_VUT_REF,522,12,0,15102,15126,15154,15169,15189,15240,15265,0,0,,,,,,,,,,,,
US-UMd,2011,GPP_DT_VUT_REF,511.2,12,0,15099,15122,15147,15163,15180,15234,15267,0,0,,,,,,,,,,,,
US-Var,2011,GPP_DT_VUT_REF,314.8,6,0,14980,15050,15074,15085,15095,15114,15136,0,0,,,,,,,,,,,,
US-WCr,2011,GPP_DT_VUT_REF,471.8,12,0,15112,15130,15152,15170,15192,15226,15248,0,0,,,,,,,,,,,,
AT-Neu,2012,GPP_DT_VUT_REF,843.6,11,0,15425,15445,15467,15523,15540,15602,15654,0,0,,,,,,,,,,,,
AU-DaS,2012,GPP_DT_VUT_REF,652.6,7,2,15236,15288,15323,15377,15390,15410,15481,0,0,444.2,8,2,15599,15659,15685,15702,15751,15789,15814,0,0
AU-Emr,2012,GPP_DT_VUT_REF,138,4,0,15537,15560,15578,15588,15598,15615,15638,0,0,,,,,,,,,,,,
AU-Rig,2012,GPP_DT_VUT_REF,186.7,5,2,15548,15576,15597,15609,15623,15639,15653,0,0,,,,,,,,,,,,
AU-Stp,2012,GPP_DT_VUT_REF,325.5,4,0,15274,15291,15386,15396,15409,15481,15517,0,0,,,,,,,,,,,,
AU-Tum,2012,GPP_DT_VUT_REF,624.3,16,2,15639,15657,15679,15696,15710,15734,15838,0,0,,,,,,,,,,,,
AU-Wom,2012,GPP_DT_VUT_REF,656.1,6,4,15193,15246,15294,15351,15367,15433,15480,0,0,,,,,,,,,,,,
BE-Bra,2012,GPP_DT_VUT_REF,711.4,11,0,15402,15461,15488,15512,15568,15608,15653,0,0,,,,,,,,,,,,
BE-Lon,2012,GPP_DT_VUT_REF,723.9,19,0,15502,15522,15543,15557,15574,15600,15626,0,0,,,,,,,,,,,,
BE-Vie,2012,GPP_DT_VUT_REF,702.1,10,0,15386,15463,15496,15517,15573,15612,15660,0,0,,,,,,,,,,,,
CH-Cha,2012,GPP_DT_VUT_REF,537.3,12,0,15452,15483,15507,15523,15551,15602,15649,0,0,,,,,,,,,,,,
CH-Dav,2012,GPP_DT_VUT_REF,223.6,6,0,15411,15441,15463,15475,15489,15567,15647,0,0,,,,,,,,,,,,
CH-Fru,2012,GPP_DT_VUT_REF,605.8,12,0,15416,15441,15466,15490,15553,15588,15644,0,0,,,,,,,,,,,,
CH-Lae,2012,GPP_DT_VUT_REF,580.8,11,0,15403,15464,15486,15501,15540,15609,15639,0,0,,,,,,,,,,,,
CH-Oe2,2012,GPP_DT_VUT_REF,604.6,14,0,15412,15437,15461,15478,15492,15511,15528,0,0,,,,,,,,,,,,
CZ-wet,2012,GPP_DT_VUT_REF,420.8,10,0,15450,15470,15493,15511,15531,15591,15629,0,0,,,,,,,,,,,,
DE-Akm,2012,GPP_DT_VUT_REF,726.3,13,1,15403,15461,15486,15505,15529,15592,15634,0,0,,,,,,,,,,,,
DE-Geb,2012,GPP_DT_VUT_REF,274.2,6,0,15422,15454,15481,15494,15506,15590,15628,0,0,,,,,,,,,,,,
DE-Gri,2012,GPP_DT_VUT_REF,427,11,0,15418,15445,15467,15481,15496,15607,15632,0,0,,,,,,,,,,,,
DE-Hai,2012,GPP_DT_VUT_REF,622.3,11,0,15446,15473,15501,15525,15571,15610,15632,0,0,,,,,,,,,,,,
DE-Kli,2012,GPP_DT_VUT_REF,347.9,8,0,15411,15515,15530,15540,15550,15572,15600,0,0,,,,,,,,,,,,
DE-Lkb,2012,GPP_DT_VUT_REF,191.9,4,0,15449,15474,15504,15518,15554,15598,15626,0,0,,,,,,,,,,,,
DE-Obe,2012,GPP_DT_VUT_REF,905.1,12,0,15412,15447,15500,15522,15551,15611,15646,0,0,,,,,,,,,,,,
DE-RuR,2012,GPP_DT_VUT_REF,469.4,10,0,15406,15441,15470,15484,15572,15605,15641,0,0,,,,,,,,,,,,
DE-RuS,2012,GPP_DT_VUT_REF,484.5,13,0,15472,15492,15512,15526,15543,15565,15584,0,0,,,,,,,,,,,,
DE-SfN,2012,GPP_DT_VUT_REF,502,4,2,15374,15408,15523,15546,15566,15601,15655,0,0,,,,,,,,,,,,
DE-Spw,2012,GPP_DT_VUT_REF,573.7,12,0,15438,15460,15484,15506,15561,15605,15634,0,0,,,,,,,,,,,,
DE-Tha,2012,GPP_DT_VUT_REF,761.9,11,0,15408,15445,15478,15508,15530,15618,15648,0,0,,,,,,,,,,,,
DK-Sor,2012,GPP_DT_VUT_REF,825.7,15,0,15440,15466,15490,15515,15544,15591,15631,0,0,,,,,,,,,,,,
FI-Hyy,2012,GPP_DT_VUT_REF,494.5,9,0,15442,15469,15498,15521,15568,15595,15630,0,0,,,,,,,,,,,,
FI-Sod,2012,GPP_DT_VUT_REF,301.3,6,0,15465,15489,15517,15536,15560,15592,15621,0,0,,,,,,,,,,,,
FR-Fon,2012,GPP_DT_VUT_REF,659.5,13,0,15452,15476,15505,15522,15540,15602,15639,0,0,,,,,,,,,,,,
FR-Gri,2012,GPP_DT_VUT_REF,657.9,11,0,15395,15429,15465,15483,15498,15519,15536,0,0,,,,,,,,,,,,
IT-CA1,2012,GPP_DT_VUT_REF,387.6,11,1,15421,15453,15471,15481,15491,15506,15643,0,0,,,,,,,,,,,,
IT-CA2,2012,GPP_DT_VUT_REF,230.5,6,0,15384,15404,15425,15439,15452,15467,15480,0,0,,,,,,,,,,,,
IT-CA3,2012,GPP_DT_VUT_REF,377,6,0,15403,15433,15505,15518,15534,15625,15661,0,0,,,,,,,,,,,,
IT-Col,2012,GPP_DT_VUT_REF,581.7,12,0,15452,15479,15507,15525,15547,15614,15637,0,0,,,,,,,,,,,,
IT-Cp2,2012,GPP_DT_VUT_REF,432.1,6,4,15350,15398,15502,15517,15539,15587,15636,0,0,,,,,,,,,,,,
IT-Lav,2012,GPP_DT_VUT_REF,692.6,11,1,15395,15422,15472,15489,15557,15619,15646,0,0,,,,,,,,,,,,
IT-MBo,2012,GPP_DT_VUT_REF,500,12,0,15449,15474,15495,15509,15524,15598,15639,0,0,,,,,,,,,,,,
IT-Ren,2012,GPP_DT_VUT_REF,725.8,8,0,15398,15426,15484,15521,15550,15625,15662,0,0,,,,,,,,,,,,
IT-Ro2,2012,GPP_DT_VUT_REF,358.9,10,0,15444,15463,15482,15494,15508,15533,15665,0,0,,,,,,,,,,,,
IT-SRo,2012,GPP_DT_VUT_REF,478.1,7,3,15401,15449,15499,15513,15526,15554,15651,0,0,,,,,,,,,,,,
IT-Tor,2012,GPP_DT_VUT_REF,312.6,8,0,15474,15494,15515,15531,15561,15596,15628,0,0,,,,,,,,,,,,
NL-Loo,2012,GPP_DT_VUT_REF,854.2,9,1,15403,15460,15521,15552,15575,15612,15654,0,0,,,,,,,,,,,,
RU-Cok,2012,GPP_DT_VUT_REF,365.4,5,0,15399,15429,15454,15500,15539,15574,15597,0,0,,,,,,,,,,,,
RU-Fyo,2012,GPP_DT_VUT_REF,617.8,11,0,15437,15462,15505,15523,15539,15567,15640,0,0,,,,,,,,,,,,
SN-Dhr,2012,GPP_DT_VUT_REF,335.9,10,0,15519,15536,15555,15569,15587,15618,15641,0,0,,,,,,,,,,,,
US-AR1,2012,GPP_DT_VUT_REF,384,10,0,15411,15433,15451,15465,15484,15525,15559,0,0,,,,,,,,,,,,
US-ARM,2012,GPP_DT_VUT_REF,455.6,8,0,15352,15386,15416,15433,15447,15468,15485,0,0,,,,,,,,,,,,
US-GLE,2012,GPP_DT_VUT_REF,251.7,5,0,15467,15496,15520,15534,15552,15590,15623,0,0,,,,,,,,,,,,
US-Ha1,2012,GPP_DT_VUT_REF,595.9,14,0,15451,15480,15502,15518,15537,15598,15626,0,0,,,,,,,,,,,,
US-Me2,2012,GPP_DT_VUT_REF,698.5,8,2,15364,15443,15509,15525,15545,15587,15664,0,0,,,,,,,,,,,,
US-Me6,2012,GPP_DT_VUT_REF,311.2,5,1,15414,15454,15487,15506,15529,15558,15645,0,0,,,,,,,,,,,,
US-MMS,2012,GPP_DT_VUT_REF,441.1,11,0,15430,15453,15474,15489,15506,15600,15630,0,0,,,,,,,,,,,,
US-Myb,2012,GPP_DT_VUT_REF,1179.3,13,0,15440,15464,15517,15559,15597,15634,15665,0,0,,,,,,,,,,,,
US-Ne1,2012,GPP_DT_VUT_REF,768.8,23,0,15480,15497,15516,15529,15544,15567,15587,0,0,,,,,,,,,,,,
US-Ne2,2012,GPP_DT_VUT_REF,790.1,24,0,15480,15497,15516,15528,15541,15565,15586,0,0,,,,,,,,,,,,
US-Ne3,2012,GPP_DT_VUT_REF,423.7,10,0,15491,15513,15534,15550,15567,15588,15603,0,0,,,,,,,,,,,,
US-NR1,2012,GPP_DT_VUT_REF,590.8,7,0,15440,15461,15490,15553,15578,15613,15639,0,0,,,,,,,,,,,,
US-PFa,2012,GPP_DT_VUT_REF,512.3,9,0,15432,15469,15505,15525,15541,15567,15592,0,0,,,,,,,,,,,,
US-Prr,2012,GPP_DT_VUT_REF,178.6,5,0,15466,15486,15507,15520,15540,15584,15646,0,0,,,,,,,,,,,,
US-SRG,2012,GPP_DT_VUT_REF,210.5,5,0,15526,15543,15571,15586,15600,15619,15643,0,0,,,,,,,,,,,,
US-Ton,2012,GPP_DT_VUT_REF,226.8,6,0,15399,15436,15455,15466,15477,15500,15565,0,0,,,,,,,,,,,,
US-Tw1,2012,GPP_DT_VUT_REF,819.5,7,6,15393,15441,15474,15557,15582,15621,15693,0,0,,,,,,,,,,,,
US-Tw2,2012,GPP_DT_VUT_REF,456.1,14,1,15514,15531,15549,15561,15574,15598,15626,0,0,,,,,,,,,,,,
US-Twt,2012,GPP_DT_VUT_REF,504.2,13,0,15515,15536,15559,15571,15584,15610,15647,0,0,,,,,,,,,,,,
US-UMB,2012,GPP_DT_VUT_REF,585.4,12,0,15461,15478,15498,15524,15556,15598,15625,0,0,,,,,,,,,,,,
US-UMd,2012,GPP_DT_VUT_REF,553.1,12,0,15457,15480,15502,15521,15546,15598,15628,0,0,,,,,,,,,,,,
US-Var,2012,GPP_DT_VUT_REF,234.8,6,1,15398,15423,15444,15455,15466,15482,15496,0,0,,,,,,,,,,,,
US-WCr,2012,GPP_DT_VUT_REF,495,11,0,15464,15481,15508,15528,15548,15585,15609,0,0,,,,,,,,,,,,
AU-DaP,2013,GPP_DT_VUT_REF,768.2,11,0,15645,15661,15710,15737,15772,15810,15835,0,0,,,,,,,,,,,,
AU-How,2013,GPP_DT_VUT_REF,765.8,8,2,15611,15635,15713,15742,15768,15805,15863,0,0,,,,,,,,,,,,
AU-RDF,2013,GPP_DT_VUT_REF,228.3,7,0,15668,15685,15701,15712,15724,15742,15760,0,0,,,,,,,,,,,,
AU-Rig,2013,GPP_DT_VUT_REF,466,8,1,15866,15929,15958,15972,15984,16003,16023,0,0,,,,,,,,,,,,
AU-Stp,2013,GPP_DT_VUT_REF,154.5,4,0,15688,15759,15773,15785,15806,15826,15844,0,0,,,,,,,,,,,,
AU-Tum,2013,GPP_DT_VUT_REF,509.7,7,5,15914,15961,16003,16028,16135,16158,16204,0,0,,,,,,,,,,,,
BE-Bra,2013,GPP_DT_VUT_REF,659.9,10,0,15768,15805,15856,15872,15907,15958,16017,0,0,,,,,,,,,,,,
BE-Lon,2013,GPP_DT_VUT_REF,674.5,16,0,15807,15829,15854,15869,15889,15911,15928,0,0,,,,,,,,,,,,
BE-Vie,2013,GPP_DT_VUT_REF,983.6,11,1,15771,15820,15869,15910,15932,15977,16009,0,0,,,,,,,,,,,,
CH-Cha,2013,GPP_DT_VUT_REF,537.6,13,1,15765,15796,15818,15830,15841,15939,15997,0,0,,,,,,,,,,,,
CH-Dav,2013,GPP_DT_VUT_REF,226.2,6,0,15796,15815,15835,15852,15877,15980,16018,0,0,,,,,,,,,,,,
CH-Fru,2013,GPP_DT_VUT_REF,672.1,11,0,15799,15816,15837,15876,15908,15979,16024,0,0,,,,,,,,,,,,
CH-Lae,2013,GPP_DT_VUT_REF,687.6,12,0,15804,15829,15868,15885,15902,15973,16011,0,0,,,,,,,,,,,,
CH-Oe2,2013,GPP_DT_VUT_REF,651,13,1,15796,15823,15857,15870,15882,15909,15947,0,0,,,,,,,,,,,,
CZ-wet,2013,GPP_DT_VUT_REF,587.6,10,0,15817,15836,15888,15904,15921,15955,15990,0,0,,,,,,,,,,,,
DE-Akm,2013,GPP_DT_VUT_REF,975.7,14,0,15773,15842,15878,15898,15916,15954,15996,0,0,,,,,,,,,,,,
DE-Geb,2013,GPP_DT_VUT_REF,502.2,14,0,15826,15845,15865,15879,15894,15913,15932,0,0,,,,,,,,,,,,
DE-Gri,2013,GPP_DT_VUT_REF,840.8,11,0,15802,15818,15894,15907,15919,15956,16011,0,0,,,,,,,,,,,,
DE-Kli,2013,GPP_DT_VUT_REF,407.6,9,0,15812,15848,15874,15888,15899,15918,15947,0,0,,,,,,,,,,,,
DE-Lkb,2013,GPP_DT_VUT_REF,219.8,5,0,15817,15850,15873,15887,15903,15951,15998,0,0,,,,,,,,,,,,
DE-Obe,2013,GPP_DT_VUT_REF,793.8,12,0,15798,15836,15886,15903,15921,15950,16019,0,0,,,,,,,,,,,,
DE-RuR,2013,GPP_DT_VUT_REF,834.9,9,0,15794,15811,15830,15910,15924,15966,16013,0,0,,,,,,,,,,,,
DE-RuS,2013,GPP_DT_VUT_REF,845,16,0,15794,15813,15843,15864,15882,15905,15921,0,0,,,,,,,,,,,,
DE-SfN,2013,GPP_DT_VUT_REF,397.2,5,0,15777,15827,15893,15908,15922,15951,16011,0,0,,,,,,,,,,,,
DE-Spw,2013,GPP_DT_VUT_REF,636.8,12,0,15811,15835,15869,15889,15909,15958,15997,0,0,,,,,,,,,,,,
DE-Tha,2013,GPP_DT_VUT_REF,781.1,12,0,15799,15818,15875,15893,15910,15959,16014,0,0,,,,,,,,,,,,
DK-Sor,2013,GPP_DT_VUT_REF,756.2,16,0,15815,15836,15860,15880,15902,15945,15997,0,0,,,,,,,,,,,,
FI-Hyy,2013,GPP_DT_VUT_REF,541,11,0,15813,15837,15864,15884,15902,15955,15993,0,0,,,,,,,,,,,,
FI-Sod,2013,GPP_DT_VUT_REF,334.8,6,0,15820,15844,15878,15897,15927,15959,15986,0,0,,,,,,,,,,,,
FR-Fon,2013,GPP_DT_VUT_REF,676.6,13,0,15815,15841,15870,15892,15924,15965,16006,0,0,,,,,,,,,,,,
FR-Gri,2013,GPP_DT_VUT_REF,593.1,11,0,15788,15810,15835,15860,15875,15894,15909,0,0,,,,,,,,,,,,
IT-BCi,2013,GPP_DT_VUT_REF,645.2,7,3,15756,15809,15832,15899,15911,15942,16021,0,0,,,,,,,,,,,,
IT-CA1,2013,GPP_DT_VUT_REF,281.4,7,1,15792,15809,15831,15847,15861,15885,15920,0,0,,,,,,,,,,,,
IT-CA2,2013,GPP_DT_VUT_REF,477.5,12,0,15764,15785,15807,15821,15836,15858,15878,0,0,,,,,,,,,,,,
IT-CA3,2013,GPP_DT_VUT_REF,460.6,9,1,15769,15814,15837,15856,15882,15924,15988,0,0,,,,,,,,,,,,
IT-Col,2013,GPP_DT_VUT_REF,663.9,11,0,15800,15827,15876,15896,15925,15971,15999,0,0,,,,,,,,,,,,
IT-Cp2,2013,GPP_DT_VUT_REF,442.1,5,3,15733,15772,15831,15852,15864,15886,16022,0,0,,,,,,,,,,,,
IT-Isp,2013,GPP_DT_VUT_REF,653.4,13,0,15811,15833,15863,15879,15904,15967,16007,0,0,,,,,,,,,,,,
IT-Lav,2013,GPP_DT_VUT_REF,878.8,10,1,15763,15805,15858,15889,15909,15983,16018,0,0,,,,,,,,,,,,
IT-MBo,2013,GPP_DT_VUT_REF,391.6,11,0,15826,15846,15866,15878,15893,15936,16013,0,0,,,,,,,,,,,,
IT-Ren,2013,GPP_DT_VUT_REF,500.6,9,0,15797,15821,15850,15871,15943,15984,16016,0,0,,,,,,,,,,,,
IT-SR2,2013,GPP_DT_VUT_REF,595.9,8,3,15735,15803,15844,15872,15901,15947,16021,0,0,,,,,,,,,,,,
IT-Tor,2013,GPP_DT_VUT_REF,407.3,9,0,15857,15876,15901,15921,15940,15968,16009,0,0,,,,,,,,,,,,
NL-Loo,2013,GPP_DT_VUT_REF,861.1,11,1,15795,15843,15903,15921,15937,15969,16022,0,0,,,,,,,,,,,,
RU-Fyo,2013,GPP_DT_VUT_REF,592.7,10,0,15810,15831,15869,15893,15913,15961,16007,0,0,,,,,,,,,,,,
SN-Dhr,2013,GPP_DT_VUT_REF,165,6,3,15911,15927,15941,15950,15961,15977,15993,0,0,,,,,,,,,,,,
US-GLE,2013,GPP_DT_VUT_REF,288.5,5,0,15834,15858,15886,15907,15928,15962,15987,0,0,,,,,,,,,,,,
US-Me2,2013,GPP_DT_VUT_REF,690,9,1,15751,15794,15854,15874,15889,15927,16014,0,0,,,,,,,,,,,,
US-Me6,2013,GPP_DT_VUT_REF,248.6,5,1,15791,15820,15845,15863,15878,15903,16026,0,0,,,,,,,,,,,,
US-MMS,2013,GPP_DT_VUT_REF,556.9,12,0,15818,15834,15854,15878,15927,15972,16005,0,0,,,,,,,,,,,,
US-Myb,2013,GPP_DT_VUT_REF,708.2,8,0,15767,15814,15865,15896,15958,16005,16035,0,0,,,,,,,,,,,,
US-NR1,2013,GPP_DT_VUT_REF,541.2,7,0,15824,15840,15864,15922,15946,15980,16002,0,0,,,,,,,,,,,,
US-PFa,2013,GPP_DT_VUT_REF,421.8,8,0,15783,15854,15877,15895,15920,15953,16036,0,0,,,,,,,,,,,,
US-Syv,2013,GPP_DT_VUT_REF,491.6,10,0,15836,15859,15883,15901,15941,15966,15994,0,0,,,,,,,,,,,,
US-Tw1,2013,GPP_DT_VUT_REF,798.3,13,0,15825,15853,15892,15912,15932,15971,16053,0,0,,,,,,,,,,,,
US-Tw3,2013,GPP_DT_VUT_REF,1453,14,0,15701,15730,15818,15848,15864,15967,16011,0,0,,,,,,,,,,,,
US-Twt,2013,GPP_DT_VUT_REF,661.4,16,0,15839,15867,15888,15903,15918,15946,15971,0,0,,,,,,,,,,,,
US-UMB,2013,GPP_DT_VUT_REF,455.9,11,0,15836,15855,15876,15893,15925,15969,15996,0,0,,,,,,,,,,,,
US-UMd,2013,GPP_DT_VUT_REF,491.3,12,0,15832,15853,15875,15892,15919,15974,16001,0,0,,,,,,,,,,,,
US-Var,2013,GPP_DT_VUT_REF,382.9,6,0,15662,15750,15779,15793,15804,15821,15837,0,0,,,,,,,,,,,,
US-WCr,2013,GPP_DT_VUT_REF,588.5,12,0,15817,15853,15880,15897,15938,15963,15983,0,0,,,,,,,,,,,,
AU-How,2014,GPP_DT_VUT_REF,490.3,6,3,16006,16034,16069,16120,16133,16162,16275,0,0,224.3,6,3,16374,16394,16413,16426,16439,16514,16541,0,0
AU-Rig,2014,GPP_DT_VUT_REF,794.8,7,0,16158,16177,16291,16311,16330,16362,16407,0,0,,,,,,,,,,,,
BE-Bra,2014,GPP_DT_VUT_REF,631.2,8,1,16114,16169,16218,16238,16278,16336,16376,0,0,,,,,,,,,,,,
BE-Lon,2014,GPP_DT_VUT_REF,258.8,9,0,16199,16215,16230,16240,16249,16265,16283,0,0,,,,,,,,,,,,
BE-Vie,2014,GPP_DT_VUT_REF,691.6,10,1,16121,16166,16222,16238,16259,16337,16374,0,0,,,,,,,,,,,,
CH-Cha,2014,GPP_DT_VUT_REF,1249.6,12,2,16119,16152,16252,16271,16288,16345,16373,0,0,,,,,,,,,,,,
CH-Dav,2014,GPP_DT_VUT_REF,290.6,6,0,16143,16172,16201,16222,16275,16352,16395,0,0,,,,,,,,,,,,
CH-Fru,2014,GPP_DT_VUT_REF,530.8,11,0,16145,16166,16198,16213,16291,16354,16379,0,0,,,,,,,,,,,,
CH-Lae,2014,GPP_DT_VUT_REF,539.9,9,0,16111,16181,16209,16224,16312,16344,16368,0,0,,,,,,,,,,,,
CH-Oe2,2014,GPP_DT_VUT_REF,729.9,15,0,16133,16166,16194,16210,16226,16246,16263,0,0,,,,,,,,,,,,
CZ-wet,2014,GPP_DT_VUT_REF,425.7,9,0,16180,16204,16229,16248,16270,16309,16355,0,0,,,,,,,,,,,,
DE-Akm,2014,GPP_DT_VUT_REF,637.2,11,0,16177,16202,16228,16257,16281,16315,16377,0,0,,,,,,,,,,,,
DE-Geb,2014,GPP_DT_VUT_REF,633.6,13,0,16145,16169,16197,16215,16229,16249,16265,0,0,,,,,,,,,,,,
DE-Gri,2014,GPP_DT_VUT_REF,1097.3,12,1,16136,16167,16254,16270,16286,16347,16389,0,0,,,,,,,,,,,,
DE-Kli,2014,GPP_DT_VUT_REF,707.4,15,0,16144,16169,16196,16214,16228,16247,16269,0,0,,,,,,,,,,,,
DE-Obe,2014,GPP_DT_VUT_REF,1163.5,11,0,16122,16163,16241,16278,16296,16319,16363,0,0,,,,,,,,,,,,
DE-RuR,2014,GPP_DT_VUT_REF,927,8,1,16129,16158,16190,16280,16292,16350,16386,0,0,,,,,,,,,,,,
DE-RuS,2014,GPP_DT_VUT_REF,402.5,13,1,16207,16222,16238,16251,16286,16331,16351,0,0,,,,,,,,,,,,
DE-Spw,2014,GPP_DT_VUT_REF,806.1,12,0,16162,16195,16241,16261,16284,16323,16359,0,0,,,,,,,,,,,,
DE-Tha,2014,GPP_DT_VUT_REF,812.5,11,1,16120,16163,16225,16241,16278,16327,16387,0,0,,,,,,,,,,,,
DK-Sor,2014,GPP_DT_VUT_REF,867.8,17,0,16131,16190,16215,16230,16246,16321,16361,0,0,,,,,,,,,,,,
FI-Hyy,2014,GPP_DT_VUT_REF,639.8,10,0,16165,16204,16242,16265,16287,16327,16359,0,0,,,,,,,,,,,,
FI-Sod,2014,GPP_DT_VUT_REF,330.7,7,0,16196,16221,16253,16269,16292,16326,16350,0,0,,,,,,,,,,,,
FR-Fon,2014,GPP_DT_VUT_REF,747.5,10,0,16163,16222,16281,16297,16313,16347,16377,0,0,,,,,,,,,,,,
IT-BCi,2014,GPP_DT_VUT_REF,373.8,7,2,16075,16120,16154,16168,16179,16192,16202,0,0,204.9,5,4,16224,16244,16279,16290,16299,16350,16401,0,0
IT-CA1,2014,GPP_DT_VUT_REF,581.5,7,1,16116,16172,16253,16270,16293,16336,16364,0,0,,,,,,,,,,,,
IT-CA2,2014,GPP_DT_VUT_REF,496.2,7,1,15988,16117,16141,16162,16189,16209,16225,0,0,,,,,,,,,,,,
IT-CA3,2014,GPP_DT_VUT_REF,853.3,12,1,16165,16191,16216,16257,16308,16337,16369,0,0,,,,,,,,,,,,
IT-Col,2014,GPP_DT_VUT_REF,816.2,14,0,16193,16214,16242,16273,16292,16343,16369,0,0,,,,,,,,,,,,
IT-Cp2,2014,GPP_DT_VUT_REF,565.1,6,3,16107,16133,16233,16253,16274,16357,16400,0,0,,,,,,,,,,,,
IT-Isp,2014,GPP_DT_VUT_REF,723.5,12,0,16154,16182,16219,16239,16269,16340,16373,0,0,,,,,,,,,,,,
IT-Lav,2014,GPP_DT_VUT_REF,844.1,10,2,16124,16152,16203,16239,16254,16357,16375,0,0,,,,,,,,,,,,
IT-SR2,2014,GPP_DT_VUT_REF,964.7,8,2,16118,16155,16230,16279,16298,16346,16371,0,0,,,,,,,,,,,,
IT-Tor,2014,GPP_DT_VUT_REF,480.9,10,0,16203,16224,16251,16271,16291,16327,16371,0,0,,,,,,,,,,,,
RU-Fyo,2014,GPP_DT_VUT_REF,594.6,11,0,16158,16196,16225,16244,16263,16322,16357,0,0,,,,,,,,,,,,
US-GLE,2014,GPP_DT_VUT_REF,328.8,5,0,16201,16235,16277,16294,16309,16337,16371,0,0,,,,,,,,,,,,
US-Me2,2014,GPP_DT_VUT_REF,621.3,9,2,16144,16174,16224,16247,16265,16292,16373,0,0,,,,,,,,,,,,
US-Me6,2014,GPP_DT_VUT_REF,315.7,6,0,16138,16183,16212,16229,16244,16270,16382,0,0,,,,,,,,,,,,
US-MMS,2014,GPP_DT_VUT_REF,593.4,14,0,16188,16206,16230,16249,16285,16337,16363,0,0,,,,,,,,,,,,
US-Myb,2014,GPP_DT_VUT_REF,507.5,9,0,16154,16181,16209,16235,16257,16308,16360,0,0,,,,,,,,,,,,
US-NR1,2014,GPP_DT_VUT_REF,366,6,0,16191,16210,16236,16266,16313,16351,16377,0,0,,,,,,,,,,,,
US-PFa,2014,GPP_DT_VUT_REF,334.2,7,0,16193,16223,16248,16266,16282,16316,16353,0,0,,,,,,,,,,,,
US-SRG,2014,GPP_DT_VUT_REF,127.1,5,0,16251,16266,16281,16291,16302,16331,16376,0,0,,,,,,,,,,,,
US-Syv,2014,GPP_DT_VUT_REF,555.9,13,0,16202,16225,16250,16267,16284,16323,16353,0,0,,,,,,,,,,,,
US-Ton,2014,GPP_DT_VUT_REF,246.9,7,0,16134,16152,16173,16186,16198,16221,16257,0,0,,,,,,,,,,,,
US-Tw1,2014,GPP_DT_VUT_REF,567.6,10,1,16185,16212,16245,16265,16294,16350,16399,0,0,,,,,,,,,,,,
US-Tw3,2014,GPP_DT_VUT_REF,451.8,13,0,16128,16146,16167,16180,16266,16308,16322,0,0,,,,,,,,,,,,
US-Tw4,2014,GPP_DT_VUT_REF,250,5,0,16235,16266,16289,16304,16320,16371,16409,0,0,,,,,,,,,,,,
US-Twt,2014,GPP_DT_VUT_REF,626.8,16,0,16215,16238,16259,16273,16289,16314,16343,0,0,,,,,,,,,,,,
US-UMB,2014,GPP_DT_VUT_REF,546.7,13,0,16201,16220,16243,16262,16286,16334,16359,0,0,,,,,,,,,,,,
US-UMd,2014,GPP_DT_VUT_REF,499.9,12,0,16203,16222,16243,16260,16278,16332,16361,0,0,,,,,,,,,,,,
US-Var,2014,GPP_DT_VUT_REF,308.5,8,0,16115,16134,16155,16170,16183,16199,16214,0,0,,,,,,,,,,,,
US-WCr,2014,GPP_DT_VUT_REF,555.3,14,0,16207,16223,16242,16262,16289,16320,16342,0,0,,,,,,,,,,,,
